assignment_id,week_id,week_start,week_end,nT,rotation_group,rotation_round,pharmacy_id,location_id,shift_type,access_mode,schedule_source
O000001,2026-W01,2025-12-29,2026-01-05,36,1,6,P0001,L0001,H24,C,optimized_efficiency_first
O000002,2026-W01,2025-12-29,2026-01-05,36,1,6,P0002,L0002,H24,P,optimized_efficiency_first
O000003,2026-W01,2025-12-29,2026-01-05,36,1,6,P0003,L0003,H24,P,optimized_efficiency_first
O000004,2026-W01,2025-12-29,2026-01-05,36,1,6,P0004,L0004,STANDARD,P,optimized_efficiency_first
O000005,2026-W01,2025-12-29,2026-01-05,36,1,6,P0005,L0005,STANDARD,P,optimized_efficiency_first
O000006,2026-W01,2025-12-29,2026-01-05,36,1,6,P0006,L0006,STANDARD,P,optimized_efficiency_first
O000007,2026-W01,2025-12-29,2026-01-05,36,1,6,P0007,L0007,STANDARD,P,optimized_efficiency_first
O000008,2026-W01,2025-12-29,2026-01-05,36,1,6,P0008,L0008,STANDARD,P,optimized_efficiency_first
O000009,2026-W01,2025-12-29,2026-01-05,36,1,6,P0009,L0009,STANDARD,P,optimized_efficiency_first
O000010,2026-W01,2025-12-29,2026-01-05,36,1,6,P0010,L0010,STANDARD,P,optimized_efficiency_first
O000011,2026-W01,2025-12-29,2026-01-05,36,1,6,P0011,L0011,STANDARD,P,optimized_efficiency_first
O000012,2026-W01,2025-12-29,2026-01-05,36,1,6,P0012,L0012,STANDARD,P,optimized_efficiency_first
O000013,2026-W01,2025-12-29,2026-01-05,36,1,6,P0013,L0013,STANDARD,P,optimized_efficiency_first
O000014,2026-W01,2025-12-29,2026-01-05,36,1,6,P0014,L0014,STANDARD,P,optimized_efficiency_first
O000015,2026-W01,2025-12-29,2026-01-05,36,1,6,P0015,L0015,STANDARD,P,optimized_efficiency_first
O000016,2026-W01,2025-12-29,2026-01-05,36,1,6,P0016,L0016,STANDARD,P,optimized_efficiency_first
O000017,2026-W01,2025-12-29,2026-01-05,36,1,6,P0017,L0017,STANDARD,C,optimized_efficiency_first
O000018,2026-W02,2026-01-05,2026-01-12,37,2,6,P0018,L0018,H24,P,optimized_efficiency_first
O000019,2026-W02,2026-01-05,2026-01-12,37,2,6,P0019,L0019,H24,P,optimized_efficiency_first
O000020,2026-W02,2026-01-05,2026-01-12,37,2,6,P0020,L0020,H24,P,optimized_efficiency_first
O000021,2026-W02,2026-01-05,2026-01-12,37,2,6,P0021,L0021,STANDARD,P,optimized_efficiency_first
O000022,2026-W02,2026-01-05,2026-01-12,37,2,6,P0022,L0022,STANDARD,P,optimized_efficiency_first
O000023,2026-W02,2026-01-05,2026-01-12,37,2,6,P0023,L0023,STANDARD,P,optimized_efficiency_first
O000024,2026-W02,2026-01-05,2026-01-12,37,2,6,P0024,L0024,STANDARD,P,optimized_efficiency_first
O000025,2026-W02,2026-01-05,2026-01-12,37,2,6,P0026,L0026,STANDARD,P,optimized_efficiency_first
O000026,2026-W02,2026-01-05,2026-01-12,37,2,6,P0027,L0027,STANDARD,P,optimized_efficiency_first
O000027,2026-W02,2026-01-05,2026-01-12,37,2,6,P0028,L0028,STANDARD,P,optimized_efficiency_first
O000028,2026-W02,2026-01-05,2026-01-12,37,2,6,P0029,L0029,STANDARD,P,optimized_efficiency_first
O000029,2026-W02,2026-01-05,2026-01-12,37,2,6,P0030,L0030,STANDARD,P,optimized_efficiency_first
O000030,2026-W02,2026-01-05,2026-01-12,37,2,6,P0031,L0031,STANDARD,P,optimized_efficiency_first
O000031,2026-W02,2026-01-05,2026-01-12,37,2,6,P0032,L0032,STANDARD,P,optimized_efficiency_first
O000032,2026-W02,2026-01-05,2026-01-12,37,2,6,P0033,L0033,STANDARD,P,optimized_efficiency_first
O000033,2026-W02,2026-01-05,2026-01-12,37,2,6,P0034,L0034,STANDARD,P,optimized_efficiency_first
O000034,2026-W02,2026-01-05,2026-01-12,37,2,6,P0035,L0035,STANDARD,P,optimized_efficiency_first
O000035,2026-W03,2026-01-12,2026-01-19,38,3,6,P0036,L0036,H24,P,optimized_efficiency_first
O000036,2026-W03,2026-01-12,2026-01-19,38,3,6,P0037,L0037,H24,P,optimized_efficiency_first
O000037,2026-W03,2026-01-12,2026-01-19,38,3,6,P0038,L0038,H24,P,optimized_efficiency_first
O000038,2026-W03,2026-01-12,2026-01-19,38,3,6,P0039,L0039,STANDARD,P,optimized_efficiency_first
O000039,2026-W03,2026-01-12,2026-01-19,38,3,6,P0040,L0040,STANDARD,P,optimized_efficiency_first
O000040,2026-W03,2026-01-12,2026-01-19,38,3,6,P0041,L0041,STANDARD,P,optimized_efficiency_first
O000041,2026-W03,2026-01-12,2026-01-19,38,3,6,P0042,L0042,STANDARD,P,optimized_efficiency_first
O000042,2026-W03,2026-01-12,2026-01-19,38,3,6,P0043,L0043,STANDARD,P,optimized_efficiency_first
O000043,2026-W03,2026-01-12,2026-01-19,38,3,6,P0044,L0044,STANDARD,P,optimized_efficiency_first
O000044,2026-W03,2026-01-12,2026-01-19,38,3,6,P0045,L0045,STANDARD,P,optimized_efficiency_first
O000045,2026-W03,2026-01-12,2026-01-19,38,3,6,P0047,L0047,STANDARD,P,optimized_efficiency_first
O000046,2026-W03,2026-01-12,2026-01-19,38,3,6,P0048,L0048,STANDARD,P,optimized_efficiency_first
O000047,2026-W03,2026-01-12,2026-01-19,38,3,6,P0049,L0049,STANDARD,P,optimized_efficiency_first
O000048,2026-W03,2026-01-12,2026-01-19,38,3,6,P0050,L0050,STANDARD,P,optimized_efficiency_first
O000049,2026-W03,2026-01-12,2026-01-19,38,3,6,P0051,L0051,STANDARD,P,optimized_efficiency_first
O000050,2026-W03,2026-01-12,2026-01-19,38,3,6,P0052,L0052,STANDARD,C,optimized_efficiency_first
O000051,2026-W03,2026-01-12,2026-01-19,38,3,6,P0053,L0053,STANDARD,P,optimized_efficiency_first
O000052,2026-W04,2026-01-19,2026-01-26,39,4,6,P0054,L0054,H24,P,optimized_efficiency_first
O000053,2026-W04,2026-01-19,2026-01-26,39,4,6,P0055,L0055,H24,P,optimized_efficiency_first
O000054,2026-W04,2026-01-19,2026-01-26,39,4,6,P0056,L0056,H24,P,optimized_efficiency_first
O000055,2026-W04,2026-01-19,2026-01-26,39,4,6,P0057,L0057,STANDARD,P,optimized_efficiency_first
O000056,2026-W04,2026-01-19,2026-01-26,39,4,6,P0058,L0058,STANDARD,P,optimized_efficiency_first
O000057,2026-W04,2026-01-19,2026-01-26,39,4,6,P0059,L0059,STANDARD,P,optimized_efficiency_first
O000058,2026-W04,2026-01-19,2026-01-26,39,4,6,P0060,L0060,STANDARD,P,optimized_efficiency_first
O000059,2026-W04,2026-01-19,2026-01-26,39,4,6,P0061,L0061,STANDARD,P,optimized_efficiency_first
O000060,2026-W04,2026-01-19,2026-01-26,39,4,6,P0062,L0062,STANDARD,P,optimized_efficiency_first
O000061,2026-W04,2026-01-19,2026-01-26,39,4,6,P0063,L0063,STANDARD,P,optimized_efficiency_first
O000062,2026-W04,2026-01-19,2026-01-26,39,4,6,P0064,L0064,STANDARD,P,optimized_efficiency_first
O000063,2026-W04,2026-01-19,2026-01-26,39,4,6,P0065,L0065,STANDARD,P,optimized_efficiency_first
O000064,2026-W04,2026-01-19,2026-01-26,39,4,6,P0066,L0066,STANDARD,P,optimized_efficiency_first
O000065,2026-W04,2026-01-19,2026-01-26,39,4,6,P0067,L0067,STANDARD,P,optimized_efficiency_first
O000066,2026-W04,2026-01-19,2026-01-26,39,4,6,P0068,L0068,STANDARD,P,optimized_efficiency_first
O000067,2026-W04,2026-01-19,2026-01-26,39,4,6,P0069,L0069,STANDARD,P,optimized_efficiency_first
O000068,2026-W04,2026-01-19,2026-01-26,39,4,6,P0070,L0070,STANDARD,C,optimized_efficiency_first
O000069,2026-W05,2026-01-26,2026-02-02,40,5,6,P0071,L0071,H24,P,optimized_efficiency_first
O000070,2026-W05,2026-01-26,2026-02-02,40,5,6,P0072,L0072,H24,P,optimized_efficiency_first
O000071,2026-W05,2026-01-26,2026-02-02,40,5,6,P0073,L0073,H24,P,optimized_efficiency_first
O000072,2026-W05,2026-01-26,2026-02-02,40,5,6,P0074,L0074,STANDARD,P,optimized_efficiency_first
O000073,2026-W05,2026-01-26,2026-02-02,40,5,6,P0075,L0075,STANDARD,P,optimized_efficiency_first
O000074,2026-W05,2026-01-26,2026-02-02,40,5,6,P0076,L0076,STANDARD,P,optimized_efficiency_first
O000075,2026-W05,2026-01-26,2026-02-02,40,5,6,P0078,L0078,STANDARD,P,optimized_efficiency_first
O000076,2026-W05,2026-01-26,2026-02-02,40,5,6,P0079,L0079,STANDARD,P,optimized_efficiency_first
O000077,2026-W05,2026-01-26,2026-02-02,40,5,6,P0080,L0080,STANDARD,P,optimized_efficiency_first
O000078,2026-W05,2026-01-26,2026-02-02,40,5,6,P0081,L0081,STANDARD,P,optimized_efficiency_first
O000079,2026-W05,2026-01-26,2026-02-02,40,5,6,P0082,L0082,STANDARD,P,optimized_efficiency_first
O000080,2026-W05,2026-01-26,2026-02-02,40,5,6,P0083,L0083,STANDARD,P,optimized_efficiency_first
O000081,2026-W05,2026-01-26,2026-02-02,40,5,6,P0084,L0084,STANDARD,P,optimized_efficiency_first
O000082,2026-W05,2026-01-26,2026-02-02,40,5,6,P0085,L0085,STANDARD,P,optimized_efficiency_first
O000083,2026-W05,2026-01-26,2026-02-02,40,5,6,P0086,L0086,STANDARD,P,optimized_efficiency_first
O000084,2026-W05,2026-01-26,2026-02-02,40,5,6,P0087,L0087,STANDARD,P,optimized_efficiency_first
O000085,2026-W05,2026-01-26,2026-02-02,40,5,6,P0088,L0088,STANDARD,P,optimized_efficiency_first
O000086,2026-W06,2026-02-02,2026-02-09,41,6,6,P0089,L0089,H24,P,optimized_efficiency_first
O000087,2026-W06,2026-02-02,2026-02-09,41,6,6,P0090,L0090,H24,P,optimized_efficiency_first
O000088,2026-W06,2026-02-02,2026-02-09,41,6,6,P0091,L0091,H24,P,optimized_efficiency_first
O000089,2026-W06,2026-02-02,2026-02-09,41,6,6,P0092,L0092,STANDARD,P,optimized_efficiency_first
O000090,2026-W06,2026-02-02,2026-02-09,41,6,6,P0093,L0093,STANDARD,P,optimized_efficiency_first
O000091,2026-W06,2026-02-02,2026-02-09,41,6,6,P0094,L0094,STANDARD,P,optimized_efficiency_first
O000092,2026-W06,2026-02-02,2026-02-09,41,6,6,P0095,L0095,STANDARD,P,optimized_efficiency_first
O000093,2026-W06,2026-02-02,2026-02-09,41,6,6,P0096,L0096,STANDARD,P,optimized_efficiency_first
O000094,2026-W06,2026-02-02,2026-02-09,41,6,6,P0097,L0097,STANDARD,P,optimized_efficiency_first
O000095,2026-W06,2026-02-02,2026-02-09,41,6,6,P0098,L0098,STANDARD,P,optimized_efficiency_first
O000096,2026-W06,2026-02-02,2026-02-09,41,6,6,P0100,L0100,STANDARD,P,optimized_efficiency_first
O000097,2026-W06,2026-02-02,2026-02-09,41,6,6,P0101,L0101,STANDARD,P,optimized_efficiency_first
O000098,2026-W06,2026-02-02,2026-02-09,41,6,6,P0102,L0102,STANDARD,P,optimized_efficiency_first
O000099,2026-W06,2026-02-02,2026-02-09,41,6,6,P0103,L0103,STANDARD,P,optimized_efficiency_first
O000100,2026-W06,2026-02-02,2026-02-09,41,6,6,P0104,L0104,STANDARD,P,optimized_efficiency_first
O000101,2026-W06,2026-02-02,2026-02-09,41,6,6,P0105,L0105,STANDARD,P,optimized_efficiency_first
O000102,2026-W06,2026-02-02,2026-02-09,41,6,6,P0106,L0106,STANDARD,P,optimized_efficiency_first
O000103,2026-W07,2026-02-09,2026-02-16,42,7,6,P0107,L0107,H24,P,optimized_efficiency_first
O000104,2026-W07,2026-02-09,2026-02-16,42,7,6,P0108,L0108,H24,P,optimized_efficiency_first
O000105,2026-W07,2026-02-09,2026-02-16,42,7,6,P0109,L0109,H24,P,optimized_efficiency_first
O000106,2026-W07,2026-02-09,2026-02-16,42,7,6,P0110,L0110,STANDARD,P,optimized_efficiency_first
O000107,2026-W07,2026-02-09,2026-02-16,42,7,6,P0111,L0111,STANDARD,P,optimized_efficiency_first
O000108,2026-W07,2026-02-09,2026-02-16,42,7,6,P0112,L0112,STANDARD,P,optimized_efficiency_first
O000109,2026-W07,2026-02-09,2026-02-16,42,7,6,P0113,L0113,STANDARD,P,optimized_efficiency_first
O000110,2026-W07,2026-02-09,2026-02-16,42,7,6,P0114,L0114,STANDARD,P,optimized_efficiency_first
O000111,2026-W07,2026-02-09,2026-02-16,42,7,6,P0115,L0115,STANDARD,P,optimized_efficiency_first
O000112,2026-W07,2026-02-09,2026-02-16,42,7,6,P0116,L0116,STANDARD,P,optimized_efficiency_first
O000113,2026-W07,2026-02-09,2026-02-16,42,7,6,P0117,L0117,STANDARD,P,optimized_efficiency_first
O000114,2026-W07,2026-02-09,2026-02-16,42,7,6,P0118,L0118,STANDARD,P,optimized_efficiency_first
O000115,2026-W07,2026-02-09,2026-02-16,42,7,6,P0119,L0119,STANDARD,C,optimized_efficiency_first
O000116,2026-W07,2026-02-09,2026-02-16,42,7,6,P0120,L0120,STANDARD,P,optimized_efficiency_first
O000117,2026-W07,2026-02-09,2026-02-16,42,7,6,P0121,L0121,STANDARD,P,optimized_efficiency_first
O000118,2026-W07,2026-02-09,2026-02-16,42,7,6,P0122,L0122,STANDARD,P,optimized_efficiency_first
O000119,2026-W07,2026-02-09,2026-02-16,42,7,6,P0123,L0123,STANDARD,P,optimized_efficiency_first
O000120,2026-W08,2026-02-16,2026-02-23,1,1,1,P0007,L0007,H24,P,optimized_efficiency_first
O000121,2026-W08,2026-02-16,2026-02-23,1,1,1,P0008,L0008,H24,P,optimized_efficiency_first
O000122,2026-W08,2026-02-16,2026-02-23,1,1,1,P0015,L0015,H24,P,optimized_efficiency_first
O000123,2026-W08,2026-02-16,2026-02-23,1,1,1,P0001,L0001,STANDARD,C,optimized_efficiency_first
O000124,2026-W08,2026-02-16,2026-02-23,1,1,1,P0002,L0002,STANDARD,P,optimized_efficiency_first
O000125,2026-W08,2026-02-16,2026-02-23,1,1,1,P0003,L0003,STANDARD,P,optimized_efficiency_first
O000126,2026-W08,2026-02-16,2026-02-23,1,1,1,P0004,L0004,STANDARD,P,optimized_efficiency_first
O000127,2026-W08,2026-02-16,2026-02-23,1,1,1,P0005,L0005,STANDARD,P,optimized_efficiency_first
O000128,2026-W08,2026-02-16,2026-02-23,1,1,1,P0006,L0006,STANDARD,P,optimized_efficiency_first
O000129,2026-W08,2026-02-16,2026-02-23,1,1,1,P0009,L0009,STANDARD,P,optimized_efficiency_first
O000130,2026-W08,2026-02-16,2026-02-23,1,1,1,P0010,L0010,STANDARD,P,optimized_efficiency_first
O000131,2026-W08,2026-02-16,2026-02-23,1,1,1,P0011,L0011,STANDARD,P,optimized_efficiency_first
O000132,2026-W08,2026-02-16,2026-02-23,1,1,1,P0012,L0012,STANDARD,P,optimized_efficiency_first
O000133,2026-W08,2026-02-16,2026-02-23,1,1,1,P0013,L0013,STANDARD,P,optimized_efficiency_first
O000134,2026-W08,2026-02-16,2026-02-23,1,1,1,P0014,L0014,STANDARD,P,optimized_efficiency_first
O000135,2026-W08,2026-02-16,2026-02-23,1,1,1,P0016,L0016,STANDARD,P,optimized_efficiency_first
O000136,2026-W08,2026-02-16,2026-02-23,1,1,1,P0017,L0017,STANDARD,C,optimized_efficiency_first
O000137,2026-W09,2026-02-23,2026-03-02,2,2,1,P0025,L0025,H24,P,optimized_efficiency_first
O000138,2026-W09,2026-02-23,2026-03-02,2,2,1,P0031,L0031,H24,P,optimized_efficiency_first
O000139,2026-W09,2026-02-23,2026-03-02,2,2,1,P0033,L0033,H24,P,optimized_efficiency_first
O000140,2026-W09,2026-02-23,2026-03-02,2,2,1,P0018,L0018,STANDARD,P,optimized_efficiency_first
O000141,2026-W09,2026-02-23,2026-03-02,2,2,1,P0019,L0019,STANDARD,P,optimized_efficiency_first
O000142,2026-W09,2026-02-23,2026-03-02,2,2,1,P0020,L0020,STANDARD,P,optimized_efficiency_first
O000143,2026-W09,2026-02-23,2026-03-02,2,2,1,P0021,L0021,STANDARD,P,optimized_efficiency_first
O000144,2026-W09,2026-02-23,2026-03-02,2,2,1,P0022,L0022,STANDARD,P,optimized_efficiency_first
O000145,2026-W09,2026-02-23,2026-03-02,2,2,1,P0023,L0023,STANDARD,P,optimized_efficiency_first
O000146,2026-W09,2026-02-23,2026-03-02,2,2,1,P0024,L0024,STANDARD,P,optimized_efficiency_first
O000147,2026-W09,2026-02-23,2026-03-02,2,2,1,P0026,L0026,STANDARD,P,optimized_efficiency_first
O000148,2026-W09,2026-02-23,2026-03-02,2,2,1,P0027,L0027,STANDARD,P,optimized_efficiency_first
O000149,2026-W09,2026-02-23,2026-03-02,2,2,1,P0029,L0029,STANDARD,P,optimized_efficiency_first
O000150,2026-W09,2026-02-23,2026-03-02,2,2,1,P0030,L0030,STANDARD,P,optimized_efficiency_first
O000151,2026-W09,2026-02-23,2026-03-02,2,2,1,P0032,L0032,STANDARD,P,optimized_efficiency_first
O000152,2026-W09,2026-02-23,2026-03-02,2,2,1,P0034,L0034,STANDARD,P,optimized_efficiency_first
O000153,2026-W09,2026-02-23,2026-03-02,2,2,1,P0035,L0035,STANDARD,P,optimized_efficiency_first
O000154,2026-W10,2026-03-02,2026-03-09,3,3,1,P0041,L0041,H24,P,optimized_efficiency_first
O000155,2026-W10,2026-03-02,2026-03-09,3,3,1,P0047,L0047,H24,P,optimized_efficiency_first
O000156,2026-W10,2026-03-02,2026-03-09,3,3,1,P0051,L0051,H24,P,optimized_efficiency_first
O000157,2026-W10,2026-03-02,2026-03-09,3,3,1,P0036,L0036,STANDARD,P,optimized_efficiency_first
O000158,2026-W10,2026-03-02,2026-03-09,3,3,1,P0037,L0037,STANDARD,P,optimized_efficiency_first
O000159,2026-W10,2026-03-02,2026-03-09,3,3,1,P0038,L0038,STANDARD,P,optimized_efficiency_first
O000160,2026-W10,2026-03-02,2026-03-09,3,3,1,P0039,L0039,STANDARD,P,optimized_efficiency_first
O000161,2026-W10,2026-03-02,2026-03-09,3,3,1,P0040,L0040,STANDARD,P,optimized_efficiency_first
O000162,2026-W10,2026-03-02,2026-03-09,3,3,1,P0042,L0042,STANDARD,P,optimized_efficiency_first
O000163,2026-W10,2026-03-02,2026-03-09,3,3,1,P0044,L0044,STANDARD,P,optimized_efficiency_first
O000164,2026-W10,2026-03-02,2026-03-09,3,3,1,P0045,L0045,STANDARD,P,optimized_efficiency_first
O000165,2026-W10,2026-03-02,2026-03-09,3,3,1,P0046,L0046,STANDARD,P,optimized_efficiency_first
O000166,2026-W10,2026-03-02,2026-03-09,3,3,1,P0048,L0048,STANDARD,P,optimized_efficiency_first
O000167,2026-W10,2026-03-02,2026-03-09,3,3,1,P0049,L0049,STANDARD,P,optimized_efficiency_first
O000168,2026-W10,2026-03-02,2026-03-09,3,3,1,P0050,L0050,STANDARD,P,optimized_efficiency_first
O000169,2026-W10,2026-03-02,2026-03-09,3,3,1,P0052,L0052,STANDARD,C,optimized_efficiency_first
O000170,2026-W10,2026-03-02,2026-03-09,3,3,1,P0053,L0053,STANDARD,P,optimized_efficiency_first
O000171,2026-W11,2026-03-09,2026-03-16,4,4,1,P0062,L0062,H24,P,optimized_efficiency_first
O000172,2026-W11,2026-03-09,2026-03-16,4,4,1,P0065,L0065,H24,P,optimized_efficiency_first
O000173,2026-W11,2026-03-09,2026-03-16,4,4,1,P0067,L0067,H24,P,optimized_efficiency_first
O000174,2026-W11,2026-03-09,2026-03-16,4,4,1,P0054,L0054,STANDARD,P,optimized_efficiency_first
O000175,2026-W11,2026-03-09,2026-03-16,4,4,1,P0055,L0124,STANDARD,P,optimized_efficiency_first
O000176,2026-W11,2026-03-09,2026-03-16,4,4,1,P0056,L0056,STANDARD,P,optimized_efficiency_first
O000177,2026-W11,2026-03-09,2026-03-16,4,4,1,P0057,L0057,STANDARD,P,optimized_efficiency_first
O000178,2026-W11,2026-03-09,2026-03-16,4,4,1,P0058,L0058,STANDARD,P,optimized_efficiency_first
O000179,2026-W11,2026-03-09,2026-03-16,4,4,1,P0059,L0059,STANDARD,P,optimized_efficiency_first
O000180,2026-W11,2026-03-09,2026-03-16,4,4,1,P0060,L0060,STANDARD,P,optimized_efficiency_first
O000181,2026-W11,2026-03-09,2026-03-16,4,4,1,P0061,L0061,STANDARD,P,optimized_efficiency_first
O000182,2026-W11,2026-03-09,2026-03-16,4,4,1,P0063,L0063,STANDARD,P,optimized_efficiency_first
O000183,2026-W11,2026-03-09,2026-03-16,4,4,1,P0064,L0064,STANDARD,P,optimized_efficiency_first
O000184,2026-W11,2026-03-09,2026-03-16,4,4,1,P0066,L0066,STANDARD,P,optimized_efficiency_first
O000185,2026-W11,2026-03-09,2026-03-16,4,4,1,P0068,L0068,STANDARD,P,optimized_efficiency_first
O000186,2026-W11,2026-03-09,2026-03-16,4,4,1,P0069,L0069,STANDARD,P,optimized_efficiency_first
O000187,2026-W11,2026-03-09,2026-03-16,4,4,1,P0070,L0070,STANDARD,C,optimized_efficiency_first
O000188,2026-W12,2026-03-16,2026-03-23,5,5,1,P0077,L0077,H24,P,optimized_efficiency_first
O000189,2026-W12,2026-03-16,2026-03-23,5,5,1,P0084,L0084,H24,P,optimized_efficiency_first
O000190,2026-W12,2026-03-16,2026-03-23,5,5,1,P0088,L0088,H24,P,optimized_efficiency_first
O000191,2026-W12,2026-03-16,2026-03-23,5,5,1,P0072,L0072,STANDARD,P,optimized_efficiency_first
O000192,2026-W12,2026-03-16,2026-03-23,5,5,1,P0073,L0073,STANDARD,P,optimized_efficiency_first
O000193,2026-W12,2026-03-16,2026-03-23,5,5,1,P0074,L0074,STANDARD,P,optimized_efficiency_first
O000194,2026-W12,2026-03-16,2026-03-23,5,5,1,P0075,L0075,STANDARD,P,optimized_efficiency_first
O000195,2026-W12,2026-03-16,2026-03-23,5,5,1,P0076,L0076,STANDARD,P,optimized_efficiency_first
O000196,2026-W12,2026-03-16,2026-03-23,5,5,1,P0078,L0078,STANDARD,P,optimized_efficiency_first
O000197,2026-W12,2026-03-16,2026-03-23,5,5,1,P0079,L0079,STANDARD,P,optimized_efficiency_first
O000198,2026-W12,2026-03-16,2026-03-23,5,5,1,P0080,L0080,STANDARD,P,optimized_efficiency_first
O000199,2026-W12,2026-03-16,2026-03-23,5,5,1,P0081,L0081,STANDARD,P,optimized_efficiency_first
O000200,2026-W12,2026-03-16,2026-03-23,5,5,1,P0082,L0082,STANDARD,P,optimized_efficiency_first
O000201,2026-W12,2026-03-16,2026-03-23,5,5,1,P0083,L0083,STANDARD,P,optimized_efficiency_first
O000202,2026-W12,2026-03-16,2026-03-23,5,5,1,P0085,L0085,STANDARD,P,optimized_efficiency_first
O000203,2026-W12,2026-03-16,2026-03-23,5,5,1,P0086,L0086,STANDARD,P,optimized_efficiency_first
O000204,2026-W12,2026-03-16,2026-03-23,5,5,1,P0087,L0087,STANDARD,P,optimized_efficiency_first
O000205,2026-W13,2026-03-23,2026-03-30,6,6,1,P0098,L0098,H24,P,optimized_efficiency_first
O000206,2026-W13,2026-03-23,2026-03-30,6,6,1,P0100,L0100,H24,P,optimized_efficiency_first
O000207,2026-W13,2026-03-23,2026-03-30,6,6,1,P0101,L0101,H24,P,optimized_efficiency_first
O000208,2026-W13,2026-03-23,2026-03-30,6,6,1,P0089,L0089,STANDARD,P,optimized_efficiency_first
O000209,2026-W13,2026-03-23,2026-03-30,6,6,1,P0090,L0090,STANDARD,P,optimized_efficiency_first
O000210,2026-W13,2026-03-23,2026-03-30,6,6,1,P0091,L0091,STANDARD,P,optimized_efficiency_first
O000211,2026-W13,2026-03-23,2026-03-30,6,6,1,P0092,L0092,STANDARD,P,optimized_efficiency_first
O000212,2026-W13,2026-03-23,2026-03-30,6,6,1,P0093,L0093,STANDARD,P,optimized_efficiency_first
O000213,2026-W13,2026-03-23,2026-03-30,6,6,1,P0095,L0095,STANDARD,P,optimized_efficiency_first
O000214,2026-W13,2026-03-23,2026-03-30,6,6,1,P0096,L0096,STANDARD,P,optimized_efficiency_first
O000215,2026-W13,2026-03-23,2026-03-30,6,6,1,P0097,L0097,STANDARD,P,optimized_efficiency_first
O000216,2026-W13,2026-03-23,2026-03-30,6,6,1,P0099,L0099,STANDARD,P,optimized_efficiency_first
O000217,2026-W13,2026-03-23,2026-03-30,6,6,1,P0102,L0102,STANDARD,P,optimized_efficiency_first
O000218,2026-W13,2026-03-23,2026-03-30,6,6,1,P0103,L0103,STANDARD,P,optimized_efficiency_first
O000219,2026-W13,2026-03-23,2026-03-30,6,6,1,P0104,L0104,STANDARD,P,optimized_efficiency_first
O000220,2026-W13,2026-03-23,2026-03-30,6,6,1,P0105,L0105,STANDARD,P,optimized_efficiency_first
O000221,2026-W13,2026-03-23,2026-03-30,6,6,1,P0106,L0106,STANDARD,P,optimized_efficiency_first
O000222,2026-W14,2026-03-30,2026-04-06,7,7,1,P0110,L0110,H24,P,optimized_efficiency_first
O000223,2026-W14,2026-03-30,2026-04-06,7,7,1,P0112,L0112,H24,P,optimized_efficiency_first
O000224,2026-W14,2026-03-30,2026-04-06,7,7,1,P0116,L0116,H24,P,optimized_efficiency_first
O000225,2026-W14,2026-03-30,2026-04-06,7,7,1,P0107,L0107,STANDARD,P,optimized_efficiency_first
O000226,2026-W14,2026-03-30,2026-04-06,7,7,1,P0108,L0108,STANDARD,P,optimized_efficiency_first
O000227,2026-W14,2026-03-30,2026-04-06,7,7,1,P0109,L0109,STANDARD,P,optimized_efficiency_first
O000228,2026-W14,2026-03-30,2026-04-06,7,7,1,P0111,L0111,STANDARD,P,optimized_efficiency_first
O000229,2026-W14,2026-03-30,2026-04-06,7,7,1,P0113,L0113,STANDARD,P,optimized_efficiency_first
O000230,2026-W14,2026-03-30,2026-04-06,7,7,1,P0114,L0114,STANDARD,P,optimized_efficiency_first
O000231,2026-W14,2026-03-30,2026-04-06,7,7,1,P0115,L0115,STANDARD,P,optimized_efficiency_first
O000232,2026-W14,2026-03-30,2026-04-06,7,7,1,P0117,L0117,STANDARD,P,optimized_efficiency_first
O000233,2026-W14,2026-03-30,2026-04-06,7,7,1,P0118,L0118,STANDARD,P,optimized_efficiency_first
O000234,2026-W14,2026-03-30,2026-04-06,7,7,1,P0119,L0119,STANDARD,C,optimized_efficiency_first
O000235,2026-W14,2026-03-30,2026-04-06,7,7,1,P0120,L0120,STANDARD,P,optimized_efficiency_first
O000236,2026-W14,2026-03-30,2026-04-06,7,7,1,P0121,L0121,STANDARD,P,optimized_efficiency_first
O000237,2026-W14,2026-03-30,2026-04-06,7,7,1,P0122,L0122,STANDARD,P,optimized_efficiency_first
O000238,2026-W14,2026-03-30,2026-04-06,7,7,1,P0123,L0123,STANDARD,P,optimized_efficiency_first
O000239,2026-W15,2026-04-06,2026-04-13,8,1,2,P0006,L0006,H24,P,optimized_efficiency_first
O000240,2026-W15,2026-04-06,2026-04-13,8,1,2,P0010,L0010,H24,P,optimized_efficiency_first
O000241,2026-W15,2026-04-06,2026-04-13,8,1,2,P0017,L0017,H24,C,optimized_efficiency_first
O000242,2026-W15,2026-04-06,2026-04-13,8,1,2,P0001,L0001,STANDARD,C,optimized_efficiency_first
O000243,2026-W15,2026-04-06,2026-04-13,8,1,2,P0002,L0002,STANDARD,P,optimized_efficiency_first
O000244,2026-W15,2026-04-06,2026-04-13,8,1,2,P0003,L0003,STANDARD,P,optimized_efficiency_first
O000245,2026-W15,2026-04-06,2026-04-13,8,1,2,P0004,L0004,STANDARD,P,optimized_efficiency_first
O000246,2026-W15,2026-04-06,2026-04-13,8,1,2,P0005,L0005,STANDARD,P,optimized_efficiency_first
O000247,2026-W15,2026-04-06,2026-04-13,8,1,2,P0007,L0007,STANDARD,P,optimized_efficiency_first
O000248,2026-W15,2026-04-06,2026-04-13,8,1,2,P0008,L0008,STANDARD,P,optimized_efficiency_first
O000249,2026-W15,2026-04-06,2026-04-13,8,1,2,P0009,L0009,STANDARD,P,optimized_efficiency_first
O000250,2026-W15,2026-04-06,2026-04-13,8,1,2,P0011,L0011,STANDARD,P,optimized_efficiency_first
O000251,2026-W15,2026-04-06,2026-04-13,8,1,2,P0012,L0012,STANDARD,P,optimized_efficiency_first
O000252,2026-W15,2026-04-06,2026-04-13,8,1,2,P0013,L0013,STANDARD,P,optimized_efficiency_first
O000253,2026-W15,2026-04-06,2026-04-13,8,1,2,P0014,L0014,STANDARD,P,optimized_efficiency_first
O000254,2026-W15,2026-04-06,2026-04-13,8,1,2,P0015,L0015,STANDARD,P,optimized_efficiency_first
O000255,2026-W15,2026-04-06,2026-04-13,8,1,2,P0016,L0016,STANDARD,P,optimized_efficiency_first
O000256,2026-W16,2026-04-13,2026-04-20,9,2,2,P0030,L0030,H24,P,optimized_efficiency_first
O000257,2026-W16,2026-04-13,2026-04-20,9,2,2,P0034,L0034,H24,P,optimized_efficiency_first
O000258,2026-W16,2026-04-13,2026-04-20,9,2,2,P0035,L0035,H24,P,optimized_efficiency_first
O000259,2026-W16,2026-04-13,2026-04-20,9,2,2,P0018,L0018,STANDARD,P,optimized_efficiency_first
O000260,2026-W16,2026-04-13,2026-04-20,9,2,2,P0019,L0019,STANDARD,P,optimized_efficiency_first
O000261,2026-W16,2026-04-13,2026-04-20,9,2,2,P0020,L0020,STANDARD,P,optimized_efficiency_first
O000262,2026-W16,2026-04-13,2026-04-20,9,2,2,P0021,L0021,STANDARD,P,optimized_efficiency_first
O000263,2026-W16,2026-04-13,2026-04-20,9,2,2,P0022,L0022,STANDARD,P,optimized_efficiency_first
O000264,2026-W16,2026-04-13,2026-04-20,9,2,2,P0023,L0023,STANDARD,P,optimized_efficiency_first
O000265,2026-W16,2026-04-13,2026-04-20,9,2,2,P0024,L0024,STANDARD,P,optimized_efficiency_first
O000266,2026-W16,2026-04-13,2026-04-20,9,2,2,P0025,L0025,STANDARD,P,optimized_efficiency_first
O000267,2026-W16,2026-04-13,2026-04-20,9,2,2,P0027,L0027,STANDARD,P,optimized_efficiency_first
O000268,2026-W16,2026-04-13,2026-04-20,9,2,2,P0028,L0028,STANDARD,P,optimized_efficiency_first
O000269,2026-W16,2026-04-13,2026-04-20,9,2,2,P0029,L0029,STANDARD,P,optimized_efficiency_first
O000270,2026-W16,2026-04-13,2026-04-20,9,2,2,P0031,L0031,STANDARD,P,optimized_efficiency_first
O000271,2026-W16,2026-04-13,2026-04-20,9,2,2,P0032,L0032,STANDARD,P,optimized_efficiency_first
O000272,2026-W16,2026-04-13,2026-04-20,9,2,2,P0033,L0033,STANDARD,P,optimized_efficiency_first
O000273,2026-W17,2026-04-20,2026-04-27,10,3,2,P0040,L0040,H24,P,optimized_efficiency_first
O000274,2026-W17,2026-04-20,2026-04-27,10,3,2,P0043,L0043,H24,P,optimized_efficiency_first
O000275,2026-W17,2026-04-20,2026-04-27,10,3,2,P0053,L0053,H24,P,optimized_efficiency_first
O000276,2026-W17,2026-04-20,2026-04-27,10,3,2,P0036,L0036,STANDARD,P,optimized_efficiency_first
O000277,2026-W17,2026-04-20,2026-04-27,10,3,2,P0037,L0037,STANDARD,P,optimized_efficiency_first
O000278,2026-W17,2026-04-20,2026-04-27,10,3,2,P0038,L0038,STANDARD,P,optimized_efficiency_first
O000279,2026-W17,2026-04-20,2026-04-27,10,3,2,P0039,L0039,STANDARD,P,optimized_efficiency_first
O000280,2026-W17,2026-04-20,2026-04-27,10,3,2,P0041,L0041,STANDARD,P,optimized_efficiency_first
O000281,2026-W17,2026-04-20,2026-04-27,10,3,2,P0042,L0042,STANDARD,P,optimized_efficiency_first
O000282,2026-W17,2026-04-20,2026-04-27,10,3,2,P0044,L0044,STANDARD,P,optimized_efficiency_first
O000283,2026-W17,2026-04-20,2026-04-27,10,3,2,P0045,L0045,STANDARD,P,optimized_efficiency_first
O000284,2026-W17,2026-04-20,2026-04-27,10,3,2,P0047,L0047,STANDARD,P,optimized_efficiency_first
O000285,2026-W17,2026-04-20,2026-04-27,10,3,2,P0048,L0048,STANDARD,P,optimized_efficiency_first
O000286,2026-W17,2026-04-20,2026-04-27,10,3,2,P0049,L0049,STANDARD,P,optimized_efficiency_first
O000287,2026-W17,2026-04-20,2026-04-27,10,3,2,P0050,L0050,STANDARD,P,optimized_efficiency_first
O000288,2026-W17,2026-04-20,2026-04-27,10,3,2,P0051,L0051,STANDARD,P,optimized_efficiency_first
O000289,2026-W17,2026-04-20,2026-04-27,10,3,2,P0052,L0052,STANDARD,C,optimized_efficiency_first
O000290,2026-W18,2026-04-27,2026-05-04,11,4,2,P0059,L0059,H24,P,optimized_efficiency_first
O000291,2026-W18,2026-04-27,2026-05-04,11,4,2,P0061,L0061,H24,P,optimized_efficiency_first
O000292,2026-W18,2026-04-27,2026-05-04,11,4,2,P0068,L0068,H24,P,optimized_efficiency_first
O000293,2026-W18,2026-04-27,2026-05-04,11,4,2,P0054,L0054,STANDARD,P,optimized_efficiency_first
O000294,2026-W18,2026-04-27,2026-05-04,11,4,2,P0055,L0124,STANDARD,P,optimized_efficiency_first
O000295,2026-W18,2026-04-27,2026-05-04,11,4,2,P0056,L0056,STANDARD,P,optimized_efficiency_first
O000296,2026-W18,2026-04-27,2026-05-04,11,4,2,P0057,L0057,STANDARD,P,optimized_efficiency_first
O000297,2026-W18,2026-04-27,2026-05-04,11,4,2,P0058,L0058,STANDARD,P,optimized_efficiency_first
O000298,2026-W18,2026-04-27,2026-05-04,11,4,2,P0060,L0060,STANDARD,P,optimized_efficiency_first
O000299,2026-W18,2026-04-27,2026-05-04,11,4,2,P0062,L0062,STANDARD,P,optimized_efficiency_first
O000300,2026-W18,2026-04-27,2026-05-04,11,4,2,P0063,L0063,STANDARD,P,optimized_efficiency_first
O000301,2026-W18,2026-04-27,2026-05-04,11,4,2,P0064,L0064,STANDARD,P,optimized_efficiency_first
O000302,2026-W18,2026-04-27,2026-05-04,11,4,2,P0065,L0065,STANDARD,P,optimized_efficiency_first
O000303,2026-W18,2026-04-27,2026-05-04,11,4,2,P0066,L0066,STANDARD,P,optimized_efficiency_first
O000304,2026-W18,2026-04-27,2026-05-04,11,4,2,P0067,L0067,STANDARD,P,optimized_efficiency_first
O000305,2026-W18,2026-04-27,2026-05-04,11,4,2,P0069,L0069,STANDARD,P,optimized_efficiency_first
O000306,2026-W18,2026-04-27,2026-05-04,11,4,2,P0070,L0070,STANDARD,C,optimized_efficiency_first
O000307,2026-W19,2026-05-04,2026-05-11,12,5,2,P0082,L0082,H24,P,optimized_efficiency_first
O000308,2026-W19,2026-05-04,2026-05-11,12,5,2,P0083,L0083,H24,P,optimized_efficiency_first
O000309,2026-W19,2026-05-04,2026-05-11,12,5,2,P0085,L0085,H24,P,optimized_efficiency_first
O000310,2026-W19,2026-05-04,2026-05-11,12,5,2,P0071,L0071,STANDARD,P,optimized_efficiency_first
O000311,2026-W19,2026-05-04,2026-05-11,12,5,2,P0072,L0072,STANDARD,P,optimized_efficiency_first
O000312,2026-W19,2026-05-04,2026-05-11,12,5,2,P0073,L0073,STANDARD,P,optimized_efficiency_first
O000313,2026-W19,2026-05-04,2026-05-11,12,5,2,P0074,L0074,STANDARD,P,optimized_efficiency_first
O000314,2026-W19,2026-05-04,2026-05-11,12,5,2,P0075,L0075,STANDARD,P,optimized_efficiency_first
O000315,2026-W19,2026-05-04,2026-05-11,12,5,2,P0076,L0076,STANDARD,P,optimized_efficiency_first
O000316,2026-W19,2026-05-04,2026-05-11,12,5,2,P0077,L0077,STANDARD,P,optimized_efficiency_first
O000317,2026-W19,2026-05-04,2026-05-11,12,5,2,P0079,L0079,STANDARD,P,optimized_efficiency_first
O000318,2026-W19,2026-05-04,2026-05-11,12,5,2,P0080,L0080,STANDARD,P,optimized_efficiency_first
O000319,2026-W19,2026-05-04,2026-05-11,12,5,2,P0081,L0081,STANDARD,P,optimized_efficiency_first
O000320,2026-W19,2026-05-04,2026-05-11,12,5,2,P0084,L0084,STANDARD,P,optimized_efficiency_first
O000321,2026-W19,2026-05-04,2026-05-11,12,5,2,P0086,L0086,STANDARD,P,optimized_efficiency_first
O000322,2026-W19,2026-05-04,2026-05-11,12,5,2,P0087,L0087,STANDARD,P,optimized_efficiency_first
O000323,2026-W19,2026-05-04,2026-05-11,12,5,2,P0088,L0088,STANDARD,P,optimized_efficiency_first
O000324,2026-W20,2026-05-11,2026-05-18,13,6,2,P0096,L0096,H24,P,optimized_efficiency_first
O000325,2026-W20,2026-05-11,2026-05-18,13,6,2,P0099,L0099,H24,P,optimized_efficiency_first
O000326,2026-W20,2026-05-11,2026-05-18,13,6,2,P0103,L0103,H24,P,optimized_efficiency_first
O000327,2026-W20,2026-05-11,2026-05-18,13,6,2,P0089,L0089,STANDARD,P,optimized_efficiency_first
O000328,2026-W20,2026-05-11,2026-05-18,13,6,2,P0090,L0090,STANDARD,P,optimized_efficiency_first
O000329,2026-W20,2026-05-11,2026-05-18,13,6,2,P0091,L0091,STANDARD,P,optimized_efficiency_first
O000330,2026-W20,2026-05-11,2026-05-18,13,6,2,P0092,L0092,STANDARD,P,optimized_efficiency_first
O000331,2026-W20,2026-05-11,2026-05-18,13,6,2,P0093,L0093,STANDARD,P,optimized_efficiency_first
O000332,2026-W20,2026-05-11,2026-05-18,13,6,2,P0094,L0094,STANDARD,P,optimized_efficiency_first
O000333,2026-W20,2026-05-11,2026-05-18,13,6,2,P0095,L0095,STANDARD,P,optimized_efficiency_first
O000334,2026-W20,2026-05-11,2026-05-18,13,6,2,P0097,L0097,STANDARD,P,optimized_efficiency_first
O000335,2026-W20,2026-05-11,2026-05-18,13,6,2,P0098,L0098,STANDARD,P,optimized_efficiency_first
O000336,2026-W20,2026-05-11,2026-05-18,13,6,2,P0100,L0100,STANDARD,P,optimized_efficiency_first
O000337,2026-W20,2026-05-11,2026-05-18,13,6,2,P0101,L0101,STANDARD,P,optimized_efficiency_first
O000338,2026-W20,2026-05-11,2026-05-18,13,6,2,P0102,L0102,STANDARD,P,optimized_efficiency_first
O000339,2026-W20,2026-05-11,2026-05-18,13,6,2,P0104,L0104,STANDARD,P,optimized_efficiency_first
O000340,2026-W20,2026-05-11,2026-05-18,13,6,2,P0105,L0105,STANDARD,P,optimized_efficiency_first
O000341,2026-W21,2026-05-18,2026-05-25,14,7,2,P0114,L0114,H24,P,optimized_efficiency_first
O000342,2026-W21,2026-05-18,2026-05-25,14,7,2,P0115,L0115,H24,P,optimized_efficiency_first
O000343,2026-W21,2026-05-18,2026-05-25,14,7,2,P0121,L0121,H24,P,optimized_efficiency_first
O000344,2026-W21,2026-05-18,2026-05-25,14,7,2,P0107,L0107,STANDARD,P,optimized_efficiency_first
O000345,2026-W21,2026-05-18,2026-05-25,14,7,2,P0108,L0108,STANDARD,P,optimized_efficiency_first
O000346,2026-W21,2026-05-18,2026-05-25,14,7,2,P0109,L0109,STANDARD,P,optimized_efficiency_first
O000347,2026-W21,2026-05-18,2026-05-25,14,7,2,P0110,L0110,STANDARD,P,optimized_efficiency_first
O000348,2026-W21,2026-05-18,2026-05-25,14,7,2,P0111,L0111,STANDARD,P,optimized_efficiency_first
O000349,2026-W21,2026-05-18,2026-05-25,14,7,2,P0112,L0112,STANDARD,P,optimized_efficiency_first
O000350,2026-W21,2026-05-18,2026-05-25,14,7,2,P0113,L0113,STANDARD,P,optimized_efficiency_first
O000351,2026-W21,2026-05-18,2026-05-25,14,7,2,P0116,L0116,STANDARD,P,optimized_efficiency_first
O000352,2026-W21,2026-05-18,2026-05-25,14,7,2,P0117,L0117,STANDARD,P,optimized_efficiency_first
O000353,2026-W21,2026-05-18,2026-05-25,14,7,2,P0118,L0118,STANDARD,P,optimized_efficiency_first
O000354,2026-W21,2026-05-18,2026-05-25,14,7,2,P0119,L0119,STANDARD,C,optimized_efficiency_first
O000355,2026-W21,2026-05-18,2026-05-25,14,7,2,P0120,L0120,STANDARD,P,optimized_efficiency_first
O000356,2026-W21,2026-05-18,2026-05-25,14,7,2,P0122,L0122,STANDARD,P,optimized_efficiency_first
O000357,2026-W21,2026-05-18,2026-05-25,14,7,2,P0123,L0123,STANDARD,P,optimized_efficiency_first
O000358,2026-W22,2026-05-25,2026-06-01,15,1,3,P0011,L0011,H24,P,optimized_efficiency_first
O000359,2026-W22,2026-05-25,2026-06-01,15,1,3,P0013,L0013,H24,P,optimized_efficiency_first
O000360,2026-W22,2026-05-25,2026-06-01,15,1,3,P0016,L0016,H24,P,optimized_efficiency_first
O000361,2026-W22,2026-05-25,2026-06-01,15,1,3,P0001,L0001,STANDARD,C,optimized_efficiency_first
O000362,2026-W22,2026-05-25,2026-06-01,15,1,3,P0002,L0002,STANDARD,P,optimized_efficiency_first
O000363,2026-W22,2026-05-25,2026-06-01,15,1,3,P0003,L0003,STANDARD,P,optimized_efficiency_first
O000364,2026-W22,2026-05-25,2026-06-01,15,1,3,P0004,L0004,STANDARD,P,optimized_efficiency_first
O000365,2026-W22,2026-05-25,2026-06-01,15,1,3,P0005,L0005,STANDARD,P,optimized_efficiency_first
O000366,2026-W22,2026-05-25,2026-06-01,15,1,3,P0006,L0006,STANDARD,P,optimized_efficiency_first
O000367,2026-W22,2026-05-25,2026-06-01,15,1,3,P0007,L0007,STANDARD,P,optimized_efficiency_first
O000368,2026-W22,2026-05-25,2026-06-01,15,1,3,P0008,L0008,STANDARD,P,optimized_efficiency_first
O000369,2026-W22,2026-05-25,2026-06-01,15,1,3,P0009,L0009,STANDARD,P,optimized_efficiency_first
O000370,2026-W22,2026-05-25,2026-06-01,15,1,3,P0010,L0010,STANDARD,P,optimized_efficiency_first
O000371,2026-W22,2026-05-25,2026-06-01,15,1,3,P0012,L0012,STANDARD,P,optimized_efficiency_first
O000372,2026-W22,2026-05-25,2026-06-01,15,1,3,P0014,L0014,STANDARD,P,optimized_efficiency_first
O000373,2026-W22,2026-05-25,2026-06-01,15,1,3,P0015,L0015,STANDARD,P,optimized_efficiency_first
O000374,2026-W22,2026-05-25,2026-06-01,15,1,3,P0017,L0017,STANDARD,C,optimized_efficiency_first
O000375,2026-W23,2026-06-01,2026-06-08,16,2,3,P0023,L0023,H24,P,optimized_efficiency_first
O000376,2026-W23,2026-06-01,2026-06-08,16,2,3,P0024,L0024,H24,P,optimized_efficiency_first
O000377,2026-W23,2026-06-01,2026-06-08,16,2,3,P0027,L0027,H24,P,optimized_efficiency_first
O000378,2026-W23,2026-06-01,2026-06-08,16,2,3,P0018,L0018,STANDARD,P,optimized_efficiency_first
O000379,2026-W23,2026-06-01,2026-06-08,16,2,3,P0019,L0019,STANDARD,P,optimized_efficiency_first
O000380,2026-W23,2026-06-01,2026-06-08,16,2,3,P0020,L0020,STANDARD,P,optimized_efficiency_first
O000381,2026-W23,2026-06-01,2026-06-08,16,2,3,P0021,L0021,STANDARD,P,optimized_efficiency_first
O000382,2026-W23,2026-06-01,2026-06-08,16,2,3,P0022,L0022,STANDARD,P,optimized_efficiency_first
O000383,2026-W23,2026-06-01,2026-06-08,16,2,3,P0025,L0025,STANDARD,P,optimized_efficiency_first
O000384,2026-W23,2026-06-01,2026-06-08,16,2,3,P0026,L0026,STANDARD,P,optimized_efficiency_first
O000385,2026-W23,2026-06-01,2026-06-08,16,2,3,P0028,L0028,STANDARD,P,optimized_efficiency_first
O000386,2026-W23,2026-06-01,2026-06-08,16,2,3,P0029,L0029,STANDARD,P,optimized_efficiency_first
O000387,2026-W23,2026-06-01,2026-06-08,16,2,3,P0030,L0030,STANDARD,P,optimized_efficiency_first
O000388,2026-W23,2026-06-01,2026-06-08,16,2,3,P0031,L0031,STANDARD,P,optimized_efficiency_first
O000389,2026-W23,2026-06-01,2026-06-08,16,2,3,P0032,L0032,STANDARD,P,optimized_efficiency_first
O000390,2026-W23,2026-06-01,2026-06-08,16,2,3,P0034,L0034,STANDARD,P,optimized_efficiency_first
O000391,2026-W23,2026-06-01,2026-06-08,16,2,3,P0035,L0035,STANDARD,P,optimized_efficiency_first
O000392,2026-W24,2026-06-08,2026-06-15,17,3,3,P0042,L0042,H24,P,optimized_efficiency_first
O000393,2026-W24,2026-06-08,2026-06-15,17,3,3,P0046,L0046,H24,P,optimized_efficiency_first
O000394,2026-W24,2026-06-08,2026-06-15,17,3,3,P0050,L0050,H24,P,optimized_efficiency_first
O000395,2026-W24,2026-06-08,2026-06-15,17,3,3,P0036,L0036,STANDARD,P,optimized_efficiency_first
O000396,2026-W24,2026-06-08,2026-06-15,17,3,3,P0037,L0037,STANDARD,P,optimized_efficiency_first
O000397,2026-W24,2026-06-08,2026-06-15,17,3,3,P0038,L0038,STANDARD,P,optimized_efficiency_first
O000398,2026-W24,2026-06-08,2026-06-15,17,3,3,P0039,L0039,STANDARD,P,optimized_efficiency_first
O000399,2026-W24,2026-06-08,2026-06-15,17,3,3,P0040,L0040,STANDARD,P,optimized_efficiency_first
O000400,2026-W24,2026-06-08,2026-06-15,17,3,3,P0041,L0041,STANDARD,P,optimized_efficiency_first
O000401,2026-W24,2026-06-08,2026-06-15,17,3,3,P0043,L0043,STANDARD,P,optimized_efficiency_first
O000402,2026-W24,2026-06-08,2026-06-15,17,3,3,P0044,L0044,STANDARD,P,optimized_efficiency_first
O000403,2026-W24,2026-06-08,2026-06-15,17,3,3,P0045,L0045,STANDARD,P,optimized_efficiency_first
O000404,2026-W24,2026-06-08,2026-06-15,17,3,3,P0047,L0047,STANDARD,P,optimized_efficiency_first
O000405,2026-W24,2026-06-08,2026-06-15,17,3,3,P0048,L0048,STANDARD,P,optimized_efficiency_first
O000406,2026-W24,2026-06-08,2026-06-15,17,3,3,P0049,L0049,STANDARD,P,optimized_efficiency_first
O000407,2026-W24,2026-06-08,2026-06-15,17,3,3,P0051,L0051,STANDARD,P,optimized_efficiency_first
O000408,2026-W24,2026-06-08,2026-06-15,17,3,3,P0053,L0053,STANDARD,P,optimized_efficiency_first
O000409,2026-W25,2026-06-15,2026-06-22,18,4,3,P0058,L0058,H24,P,optimized_efficiency_first
O000410,2026-W25,2026-06-15,2026-06-22,18,4,3,P0063,L0063,H24,P,optimized_efficiency_first
O000411,2026-W25,2026-06-15,2026-06-22,18,4,3,P0069,L0069,H24,P,optimized_efficiency_first
O000412,2026-W25,2026-06-15,2026-06-22,18,4,3,P0054,L0054,STANDARD,P,optimized_efficiency_first
O000413,2026-W25,2026-06-15,2026-06-22,18,4,3,P0055,L0124,STANDARD,P,optimized_efficiency_first
O000414,2026-W25,2026-06-15,2026-06-22,18,4,3,P0056,L0056,STANDARD,P,optimized_efficiency_first
O000415,2026-W25,2026-06-15,2026-06-22,18,4,3,P0057,L0057,STANDARD,P,optimized_efficiency_first
O000416,2026-W25,2026-06-15,2026-06-22,18,4,3,P0059,L0059,STANDARD,P,optimized_efficiency_first
O000417,2026-W25,2026-06-15,2026-06-22,18,4,3,P0060,L0060,STANDARD,P,optimized_efficiency_first
O000418,2026-W25,2026-06-15,2026-06-22,18,4,3,P0061,L0061,STANDARD,P,optimized_efficiency_first
O000419,2026-W25,2026-06-15,2026-06-22,18,4,3,P0062,L0062,STANDARD,P,optimized_efficiency_first
O000420,2026-W25,2026-06-15,2026-06-22,18,4,3,P0064,L0064,STANDARD,P,optimized_efficiency_first
O000421,2026-W25,2026-06-15,2026-06-22,18,4,3,P0065,L0065,STANDARD,P,optimized_efficiency_first
O000422,2026-W25,2026-06-15,2026-06-22,18,4,3,P0066,L0066,STANDARD,P,optimized_efficiency_first
O000423,2026-W25,2026-06-15,2026-06-22,18,4,3,P0067,L0067,STANDARD,P,optimized_efficiency_first
O000424,2026-W25,2026-06-15,2026-06-22,18,4,3,P0068,L0068,STANDARD,P,optimized_efficiency_first
O000425,2026-W25,2026-06-15,2026-06-22,18,4,3,P0070,L0070,STANDARD,C,optimized_efficiency_first
O000426,2026-W26,2026-06-22,2026-06-29,19,5,3,P0079,L0079,H24,P,optimized_efficiency_first
O000427,2026-W26,2026-06-22,2026-06-29,19,5,3,P0081,L0081,H24,P,optimized_efficiency_first
O000428,2026-W26,2026-06-22,2026-06-29,19,5,3,P0087,L0087,H24,P,optimized_efficiency_first
O000429,2026-W26,2026-06-22,2026-06-29,19,5,3,P0071,L0071,STANDARD,P,optimized_efficiency_first
O000430,2026-W26,2026-06-22,2026-06-29,19,5,3,P0072,L0072,STANDARD,P,optimized_efficiency_first
O000431,2026-W26,2026-06-22,2026-06-29,19,5,3,P0073,L0073,STANDARD,P,optimized_efficiency_first
O000432,2026-W26,2026-06-22,2026-06-29,19,5,3,P0074,L0074,STANDARD,P,optimized_efficiency_first
O000433,2026-W26,2026-06-22,2026-06-29,19,5,3,P0075,L0075,STANDARD,P,optimized_efficiency_first
O000434,2026-W26,2026-06-22,2026-06-29,19,5,3,P0076,L0076,STANDARD,P,optimized_efficiency_first
O000435,2026-W26,2026-06-22,2026-06-29,19,5,3,P0077,L0077,STANDARD,P,optimized_efficiency_first
O000436,2026-W26,2026-06-22,2026-06-29,19,5,3,P0080,L0080,STANDARD,P,optimized_efficiency_first
O000437,2026-W26,2026-06-22,2026-06-29,19,5,3,P0082,L0082,STANDARD,P,optimized_efficiency_first
O000438,2026-W26,2026-06-22,2026-06-29,19,5,3,P0083,L0083,STANDARD,P,optimized_efficiency_first
O000439,2026-W26,2026-06-22,2026-06-29,19,5,3,P0084,L0084,STANDARD,P,optimized_efficiency_first
O000440,2026-W26,2026-06-22,2026-06-29,19,5,3,P0085,L0085,STANDARD,P,optimized_efficiency_first
O000441,2026-W26,2026-06-22,2026-06-29,19,5,3,P0086,L0086,STANDARD,P,optimized_efficiency_first
O000442,2026-W26,2026-06-22,2026-06-29,19,5,3,P0088,L0088,STANDARD,P,optimized_efficiency_first
O000443,2026-W27,2026-06-29,2026-07-06,20,6,3,P0095,L0095,H24,P,optimized_efficiency_first
O000444,2026-W27,2026-06-29,2026-07-06,20,6,3,P0097,L0097,H24,P,optimized_efficiency_first
O000445,2026-W27,2026-06-29,2026-07-06,20,6,3,P0102,L0102,H24,P,optimized_efficiency_first
O000446,2026-W27,2026-06-29,2026-07-06,20,6,3,P0089,L0089,STANDARD,P,optimized_efficiency_first
O000447,2026-W27,2026-06-29,2026-07-06,20,6,3,P0090,L0090,STANDARD,P,optimized_efficiency_first
O000448,2026-W27,2026-06-29,2026-07-06,20,6,3,P0091,L0091,STANDARD,P,optimized_efficiency_first
O000449,2026-W27,2026-06-29,2026-07-06,20,6,3,P0092,L0092,STANDARD,P,optimized_efficiency_first
O000450,2026-W27,2026-06-29,2026-07-06,20,6,3,P0093,L0093,STANDARD,P,optimized_efficiency_first
O000451,2026-W27,2026-06-29,2026-07-06,20,6,3,P0094,L0094,STANDARD,P,optimized_efficiency_first
O000452,2026-W27,2026-06-29,2026-07-06,20,6,3,P0096,L0096,STANDARD,P,optimized_efficiency_first
O000453,2026-W27,2026-06-29,2026-07-06,20,6,3,P0098,L0098,STANDARD,P,optimized_efficiency_first
O000454,2026-W27,2026-06-29,2026-07-06,20,6,3,P0099,L0099,STANDARD,P,optimized_efficiency_first
O000455,2026-W27,2026-06-29,2026-07-06,20,6,3,P0100,L0100,STANDARD,P,optimized_efficiency_first
O000456,2026-W27,2026-06-29,2026-07-06,20,6,3,P0101,L0101,STANDARD,P,optimized_efficiency_first
O000457,2026-W27,2026-06-29,2026-07-06,20,6,3,P0103,L0103,STANDARD,P,optimized_efficiency_first
O000458,2026-W27,2026-06-29,2026-07-06,20,6,3,P0105,L0105,STANDARD,P,optimized_efficiency_first
O000459,2026-W27,2026-06-29,2026-07-06,20,6,3,P0106,L0106,STANDARD,P,optimized_efficiency_first
O000460,2026-W28,2026-07-06,2026-07-13,21,7,3,P0111,L0111,H24,P,optimized_efficiency_first
O000461,2026-W28,2026-07-06,2026-07-13,21,7,3,P0117,L0117,H24,P,optimized_efficiency_first
O000462,2026-W28,2026-07-06,2026-07-13,21,7,3,P0120,L0120,H24,P,optimized_efficiency_first
O000463,2026-W28,2026-07-06,2026-07-13,21,7,3,P0107,L0107,STANDARD,P,optimized_efficiency_first
O000464,2026-W28,2026-07-06,2026-07-13,21,7,3,P0108,L0108,STANDARD,P,optimized_efficiency_first
O000465,2026-W28,2026-07-06,2026-07-13,21,7,3,P0109,L0109,STANDARD,P,optimized_efficiency_first
O000466,2026-W28,2026-07-06,2026-07-13,21,7,3,P0110,L0110,STANDARD,P,optimized_efficiency_first
O000467,2026-W28,2026-07-06,2026-07-13,21,7,3,P0112,L0112,STANDARD,P,optimized_efficiency_first
O000468,2026-W28,2026-07-06,2026-07-13,21,7,3,P0113,L0113,STANDARD,P,optimized_efficiency_first
O000469,2026-W28,2026-07-06,2026-07-13,21,7,3,P0114,L0114,STANDARD,P,optimized_efficiency_first
O000470,2026-W28,2026-07-06,2026-07-13,21,7,3,P0115,L0115,STANDARD,P,optimized_efficiency_first
O000471,2026-W28,2026-07-06,2026-07-13,21,7,3,P0116,L0116,STANDARD,P,optimized_efficiency_first
O000472,2026-W28,2026-07-06,2026-07-13,21,7,3,P0118,L0118,STANDARD,P,optimized_efficiency_first
O000473,2026-W28,2026-07-06,2026-07-13,21,7,3,P0119,L0119,STANDARD,C,optimized_efficiency_first
O000474,2026-W28,2026-07-06,2026-07-13,21,7,3,P0121,L0121,STANDARD,P,optimized_efficiency_first
O000475,2026-W28,2026-07-06,2026-07-13,21,7,3,P0122,L0122,STANDARD,P,optimized_efficiency_first
O000476,2026-W28,2026-07-06,2026-07-13,21,7,3,P0123,L0123,STANDARD,P,optimized_efficiency_first
O000477,2026-W29,2026-07-13,2026-07-20,22,1,4,P0005,L0005,H24,P,optimized_efficiency_first
O000478,2026-W29,2026-07-13,2026-07-20,22,1,4,P0012,L0012,H24,P,optimized_efficiency_first
O000479,2026-W29,2026-07-13,2026-07-20,22,1,4,P0016,L0016,H24,P,optimized_efficiency_first
O000480,2026-W29,2026-07-13,2026-07-20,22,1,4,P0001,L0001,STANDARD,C,optimized_efficiency_first
O000481,2026-W29,2026-07-13,2026-07-20,22,1,4,P0002,L0002,STANDARD,P,optimized_efficiency_first
O000482,2026-W29,2026-07-13,2026-07-20,22,1,4,P0003,L0003,STANDARD,P,optimized_efficiency_first
O000483,2026-W29,2026-07-13,2026-07-20,22,1,4,P0004,L0004,STANDARD,P,optimized_efficiency_first
O000484,2026-W29,2026-07-13,2026-07-20,22,1,4,P0006,L0006,STANDARD,P,optimized_efficiency_first
O000485,2026-W29,2026-07-13,2026-07-20,22,1,4,P0007,L0007,STANDARD,P,optimized_efficiency_first
O000486,2026-W29,2026-07-13,2026-07-20,22,1,4,P0008,L0008,STANDARD,P,optimized_efficiency_first
O000487,2026-W29,2026-07-13,2026-07-20,22,1,4,P0009,L0009,STANDARD,P,optimized_efficiency_first
O000488,2026-W29,2026-07-13,2026-07-20,22,1,4,P0010,L0010,STANDARD,P,optimized_efficiency_first
O000489,2026-W29,2026-07-13,2026-07-20,22,1,4,P0011,L0011,STANDARD,P,optimized_efficiency_first
O000490,2026-W29,2026-07-13,2026-07-20,22,1,4,P0013,L0013,STANDARD,P,optimized_efficiency_first
O000491,2026-W29,2026-07-13,2026-07-20,22,1,4,P0014,L0014,STANDARD,P,optimized_efficiency_first
O000492,2026-W29,2026-07-13,2026-07-20,22,1,4,P0015,L0015,STANDARD,P,optimized_efficiency_first
O000493,2026-W29,2026-07-13,2026-07-20,22,1,4,P0017,L0017,STANDARD,C,optimized_efficiency_first
O000494,2026-W30,2026-07-20,2026-07-27,23,2,4,P0021,L0021,H24,P,optimized_efficiency_first
O000495,2026-W30,2026-07-20,2026-07-27,23,2,4,P0022,L0022,H24,P,optimized_efficiency_first
O000496,2026-W30,2026-07-20,2026-07-27,23,2,4,P0032,L0032,H24,P,optimized_efficiency_first
O000497,2026-W30,2026-07-20,2026-07-27,23,2,4,P0018,L0018,STANDARD,P,optimized_efficiency_first
O000498,2026-W30,2026-07-20,2026-07-27,23,2,4,P0019,L0019,STANDARD,P,optimized_efficiency_first
O000499,2026-W30,2026-07-20,2026-07-27,23,2,4,P0020,L0020,STANDARD,P,optimized_efficiency_first
O000500,2026-W30,2026-07-20,2026-07-27,23,2,4,P0023,L0023,STANDARD,P,optimized_efficiency_first
O000501,2026-W30,2026-07-20,2026-07-27,23,2,4,P0024,L0024,STANDARD,P,optimized_efficiency_first
O000502,2026-W30,2026-07-20,2026-07-27,23,2,4,P0025,L0025,STANDARD,P,optimized_efficiency_first
O000503,2026-W30,2026-07-20,2026-07-27,23,2,4,P0026,L0026,STANDARD,P,optimized_efficiency_first
O000504,2026-W30,2026-07-20,2026-07-27,23,2,4,P0027,L0027,STANDARD,P,optimized_efficiency_first
O000505,2026-W30,2026-07-20,2026-07-27,23,2,4,P0028,L0028,STANDARD,P,optimized_efficiency_first
O000506,2026-W30,2026-07-20,2026-07-27,23,2,4,P0029,L0029,STANDARD,P,optimized_efficiency_first
O000507,2026-W30,2026-07-20,2026-07-27,23,2,4,P0031,L0031,STANDARD,P,optimized_efficiency_first
O000508,2026-W30,2026-07-20,2026-07-27,23,2,4,P0033,L0033,STANDARD,P,optimized_efficiency_first
O000509,2026-W30,2026-07-20,2026-07-27,23,2,4,P0034,L0034,STANDARD,P,optimized_efficiency_first
O000510,2026-W30,2026-07-20,2026-07-27,23,2,4,P0035,L0035,STANDARD,P,optimized_efficiency_first
O000511,2026-W31,2026-07-27,2026-08-03,24,3,4,P0044,L0044,H24,P,optimized_efficiency_first
O000512,2026-W31,2026-07-27,2026-08-03,24,3,4,P0048,L0048,H24,P,optimized_efficiency_first
O000513,2026-W31,2026-07-27,2026-08-03,24,3,4,P0049,L0049,H24,P,optimized_efficiency_first
O000514,2026-W31,2026-07-27,2026-08-03,24,3,4,P0036,L0036,STANDARD,P,optimized_efficiency_first
O000515,2026-W31,2026-07-27,2026-08-03,24,3,4,P0037,L0037,STANDARD,P,optimized_efficiency_first
O000516,2026-W31,2026-07-27,2026-08-03,24,3,4,P0038,L0038,STANDARD,P,optimized_efficiency_first
O000517,2026-W31,2026-07-27,2026-08-03,24,3,4,P0039,L0039,STANDARD,P,optimized_efficiency_first
O000518,2026-W31,2026-07-27,2026-08-03,24,3,4,P0040,L0040,STANDARD,P,optimized_efficiency_first
O000519,2026-W31,2026-07-27,2026-08-03,24,3,4,P0041,L0041,STANDARD,P,optimized_efficiency_first
O000520,2026-W31,2026-07-27,2026-08-03,24,3,4,P0043,L0043,STANDARD,P,optimized_efficiency_first
O000521,2026-W31,2026-07-27,2026-08-03,24,3,4,P0045,L0045,STANDARD,P,optimized_efficiency_first
O000522,2026-W31,2026-07-27,2026-08-03,24,3,4,P0046,L0046,STANDARD,P,optimized_efficiency_first
O000523,2026-W31,2026-07-27,2026-08-03,24,3,4,P0047,L0047,STANDARD,P,optimized_efficiency_first
O000524,2026-W31,2026-07-27,2026-08-03,24,3,4,P0050,L0050,STANDARD,P,optimized_efficiency_first
O000525,2026-W31,2026-07-27,2026-08-03,24,3,4,P0051,L0051,STANDARD,P,optimized_efficiency_first
O000526,2026-W31,2026-07-27,2026-08-03,24,3,4,P0052,L0052,STANDARD,C,optimized_efficiency_first
O000527,2026-W31,2026-07-27,2026-08-03,24,3,4,P0053,L0053,STANDARD,P,optimized_efficiency_first
O000528,2026-W32,2026-08-03,2026-08-10,25,4,4,P0061,L0061,H24,P,optimized_efficiency_first
O000529,2026-W32,2026-08-03,2026-08-10,25,4,4,P0064,L0064,H24,P,optimized_efficiency_first
O000530,2026-W32,2026-08-03,2026-08-10,25,4,4,P0070,L0070,H24,C,optimized_efficiency_first
O000531,2026-W32,2026-08-03,2026-08-10,25,4,4,P0054,L0054,STANDARD,P,optimized_efficiency_first
O000532,2026-W32,2026-08-03,2026-08-10,25,4,4,P0055,L0124,STANDARD,P,optimized_efficiency_first
O000533,2026-W32,2026-08-03,2026-08-10,25,4,4,P0056,L0056,STANDARD,P,optimized_efficiency_first
O000534,2026-W32,2026-08-03,2026-08-10,25,4,4,P0057,L0057,STANDARD,P,optimized_efficiency_first
O000535,2026-W32,2026-08-03,2026-08-10,25,4,4,P0058,L0058,STANDARD,P,optimized_efficiency_first
O000536,2026-W32,2026-08-03,2026-08-10,25,4,4,P0059,L0059,STANDARD,P,optimized_efficiency_first
O000537,2026-W32,2026-08-03,2026-08-10,25,4,4,P0060,L0060,STANDARD,P,optimized_efficiency_first
O000538,2026-W32,2026-08-03,2026-08-10,25,4,4,P0062,L0062,STANDARD,P,optimized_efficiency_first
O000539,2026-W32,2026-08-03,2026-08-10,25,4,4,P0063,L0063,STANDARD,P,optimized_efficiency_first
O000540,2026-W32,2026-08-03,2026-08-10,25,4,4,P0065,L0065,STANDARD,P,optimized_efficiency_first
O000541,2026-W32,2026-08-03,2026-08-10,25,4,4,P0066,L0066,STANDARD,P,optimized_efficiency_first
O000542,2026-W32,2026-08-03,2026-08-10,25,4,4,P0067,L0067,STANDARD,P,optimized_efficiency_first
O000543,2026-W32,2026-08-03,2026-08-10,25,4,4,P0068,L0068,STANDARD,P,optimized_efficiency_first
O000544,2026-W32,2026-08-03,2026-08-10,25,4,4,P0069,L0069,STANDARD,P,optimized_efficiency_first
O000545,2026-W33,2026-08-10,2026-08-17,26,5,4,P0074,L0074,H24,P,optimized_efficiency_first
O000546,2026-W33,2026-08-10,2026-08-17,26,5,4,P0075,L0075,H24,P,optimized_efficiency_first
O000547,2026-W33,2026-08-10,2026-08-17,26,5,4,P0080,L0080,H24,P,optimized_efficiency_first
O000548,2026-W33,2026-08-10,2026-08-17,26,5,4,P0071,L0071,STANDARD,P,optimized_efficiency_first
O000549,2026-W33,2026-08-10,2026-08-17,26,5,4,P0072,L0072,STANDARD,P,optimized_efficiency_first
O000550,2026-W33,2026-08-10,2026-08-17,26,5,4,P0073,L0073,STANDARD,P,optimized_efficiency_first
O000551,2026-W33,2026-08-10,2026-08-17,26,5,4,P0076,L0076,STANDARD,P,optimized_efficiency_first
O000552,2026-W33,2026-08-10,2026-08-17,26,5,4,P0077,L0077,STANDARD,P,optimized_efficiency_first
O000553,2026-W33,2026-08-10,2026-08-17,26,5,4,P0078,L0078,STANDARD,P,optimized_efficiency_first
O000554,2026-W33,2026-08-10,2026-08-17,26,5,4,P0079,L0079,STANDARD,P,optimized_efficiency_first
O000555,2026-W33,2026-08-10,2026-08-17,26,5,4,P0081,L0081,STANDARD,P,optimized_efficiency_first
O000556,2026-W33,2026-08-10,2026-08-17,26,5,4,P0082,L0082,STANDARD,P,optimized_efficiency_first
O000557,2026-W33,2026-08-10,2026-08-17,26,5,4,P0083,L0083,STANDARD,P,optimized_efficiency_first
O000558,2026-W33,2026-08-10,2026-08-17,26,5,4,P0084,L0084,STANDARD,P,optimized_efficiency_first
O000559,2026-W33,2026-08-10,2026-08-17,26,5,4,P0085,L0085,STANDARD,P,optimized_efficiency_first
O000560,2026-W33,2026-08-10,2026-08-17,26,5,4,P0086,L0086,STANDARD,P,optimized_efficiency_first
O000561,2026-W33,2026-08-10,2026-08-17,26,5,4,P0087,L0087,STANDARD,P,optimized_efficiency_first
O000562,2026-W34,2026-08-17,2026-08-24,27,6,4,P0092,L0092,H24,P,optimized_efficiency_first
O000563,2026-W34,2026-08-17,2026-08-24,27,6,4,P0104,L0104,H24,P,optimized_efficiency_first
O000564,2026-W34,2026-08-17,2026-08-24,27,6,4,P0106,L0106,H24,P,optimized_efficiency_first
O000565,2026-W34,2026-08-17,2026-08-24,27,6,4,P0089,L0089,STANDARD,P,optimized_efficiency_first
O000566,2026-W34,2026-08-17,2026-08-24,27,6,4,P0090,L0090,STANDARD,P,optimized_efficiency_first
O000567,2026-W34,2026-08-17,2026-08-24,27,6,4,P0093,L0093,STANDARD,P,optimized_efficiency_first
O000568,2026-W34,2026-08-17,2026-08-24,27,6,4,P0094,L0094,STANDARD,P,optimized_efficiency_first
O000569,2026-W34,2026-08-17,2026-08-24,27,6,4,P0095,L0095,STANDARD,P,optimized_efficiency_first
O000570,2026-W34,2026-08-17,2026-08-24,27,6,4,P0096,L0096,STANDARD,P,optimized_efficiency_first
O000571,2026-W34,2026-08-17,2026-08-24,27,6,4,P0097,L0097,STANDARD,P,optimized_efficiency_first
O000572,2026-W34,2026-08-17,2026-08-24,27,6,4,P0098,L0098,STANDARD,P,optimized_efficiency_first
O000573,2026-W34,2026-08-17,2026-08-24,27,6,4,P0099,L0099,STANDARD,P,optimized_efficiency_first
O000574,2026-W34,2026-08-17,2026-08-24,27,6,4,P0100,L0100,STANDARD,P,optimized_efficiency_first
O000575,2026-W34,2026-08-17,2026-08-24,27,6,4,P0101,L0101,STANDARD,P,optimized_efficiency_first
O000576,2026-W34,2026-08-17,2026-08-24,27,6,4,P0102,L0102,STANDARD,P,optimized_efficiency_first
O000577,2026-W34,2026-08-17,2026-08-24,27,6,4,P0103,L0103,STANDARD,P,optimized_efficiency_first
O000578,2026-W34,2026-08-17,2026-08-24,27,6,4,P0105,L0105,STANDARD,P,optimized_efficiency_first
O000579,2026-W35,2026-08-24,2026-08-31,28,7,4,P0116,L0116,H24,P,optimized_efficiency_first
O000580,2026-W35,2026-08-24,2026-08-31,28,7,4,P0119,L0119,H24,C,optimized_efficiency_first
O000581,2026-W35,2026-08-24,2026-08-31,28,7,4,P0123,L0123,H24,P,optimized_efficiency_first
O000582,2026-W35,2026-08-24,2026-08-31,28,7,4,P0107,L0107,STANDARD,P,optimized_efficiency_first
O000583,2026-W35,2026-08-24,2026-08-31,28,7,4,P0108,L0108,STANDARD,P,optimized_efficiency_first
O000584,2026-W35,2026-08-24,2026-08-31,28,7,4,P0109,L0109,STANDARD,P,optimized_efficiency_first
O000585,2026-W35,2026-08-24,2026-08-31,28,7,4,P0110,L0110,STANDARD,P,optimized_efficiency_first
O000586,2026-W35,2026-08-24,2026-08-31,28,7,4,P0111,L0111,STANDARD,P,optimized_efficiency_first
O000587,2026-W35,2026-08-24,2026-08-31,28,7,4,P0112,L0112,STANDARD,P,optimized_efficiency_first
O000588,2026-W35,2026-08-24,2026-08-31,28,7,4,P0113,L0113,STANDARD,P,optimized_efficiency_first
O000589,2026-W35,2026-08-24,2026-08-31,28,7,4,P0114,L0114,STANDARD,P,optimized_efficiency_first
O000590,2026-W35,2026-08-24,2026-08-31,28,7,4,P0115,L0115,STANDARD,P,optimized_efficiency_first
O000591,2026-W35,2026-08-24,2026-08-31,28,7,4,P0117,L0117,STANDARD,P,optimized_efficiency_first
O000592,2026-W35,2026-08-24,2026-08-31,28,7,4,P0118,L0118,STANDARD,P,optimized_efficiency_first
O000593,2026-W35,2026-08-24,2026-08-31,28,7,4,P0120,L0120,STANDARD,P,optimized_efficiency_first
O000594,2026-W35,2026-08-24,2026-08-31,28,7,4,P0121,L0121,STANDARD,P,optimized_efficiency_first
O000595,2026-W35,2026-08-24,2026-08-31,28,7,4,P0122,L0122,STANDARD,P,optimized_efficiency_first
O000596,2026-W36,2026-08-31,2026-09-07,29,1,5,P0004,L0004,H24,P,optimized_efficiency_first
O000597,2026-W36,2026-08-31,2026-09-07,29,1,5,P0009,L0009,H24,P,optimized_efficiency_first
O000598,2026-W36,2026-08-31,2026-09-07,29,1,5,P0014,L0014,H24,P,optimized_efficiency_first
O000599,2026-W36,2026-08-31,2026-09-07,29,1,5,P0001,L0001,STANDARD,C,optimized_efficiency_first
O000600,2026-W36,2026-08-31,2026-09-07,29,1,5,P0002,L0002,STANDARD,P,optimized_efficiency_first
O000601,2026-W36,2026-08-31,2026-09-07,29,1,5,P0003,L0003,STANDARD,P,optimized_efficiency_first
O000602,2026-W36,2026-08-31,2026-09-07,29,1,5,P0005,L0005,STANDARD,P,optimized_efficiency_first
O000603,2026-W36,2026-08-31,2026-09-07,29,1,5,P0006,L0006,STANDARD,P,optimized_efficiency_first
O000604,2026-W36,2026-08-31,2026-09-07,29,1,5,P0007,L0007,STANDARD,P,optimized_efficiency_first
O000605,2026-W36,2026-08-31,2026-09-07,29,1,5,P0008,L0008,STANDARD,P,optimized_efficiency_first
O000606,2026-W36,2026-08-31,2026-09-07,29,1,5,P0010,L0010,STANDARD,P,optimized_efficiency_first
O000607,2026-W36,2026-08-31,2026-09-07,29,1,5,P0011,L0011,STANDARD,P,optimized_efficiency_first
O000608,2026-W36,2026-08-31,2026-09-07,29,1,5,P0012,L0012,STANDARD,P,optimized_efficiency_first
O000609,2026-W36,2026-08-31,2026-09-07,29,1,5,P0013,L0013,STANDARD,P,optimized_efficiency_first
O000610,2026-W36,2026-08-31,2026-09-07,29,1,5,P0015,L0015,STANDARD,P,optimized_efficiency_first
O000611,2026-W36,2026-08-31,2026-09-07,29,1,5,P0016,L0016,STANDARD,P,optimized_efficiency_first
O000612,2026-W36,2026-08-31,2026-09-07,29,1,5,P0017,L0017,STANDARD,C,optimized_efficiency_first
O000613,2026-W37,2026-09-07,2026-09-14,30,2,5,P0026,L0026,H24,P,optimized_efficiency_first
O000614,2026-W37,2026-09-07,2026-09-14,30,2,5,P0028,L0028,H24,P,optimized_efficiency_first
O000615,2026-W37,2026-09-07,2026-09-14,30,2,5,P0029,L0029,H24,P,optimized_efficiency_first
O000616,2026-W37,2026-09-07,2026-09-14,30,2,5,P0018,L0018,STANDARD,P,optimized_efficiency_first
O000617,2026-W37,2026-09-07,2026-09-14,30,2,5,P0019,L0019,STANDARD,P,optimized_efficiency_first
O000618,2026-W37,2026-09-07,2026-09-14,30,2,5,P0020,L0020,STANDARD,P,optimized_efficiency_first
O000619,2026-W37,2026-09-07,2026-09-14,30,2,5,P0021,L0021,STANDARD,P,optimized_efficiency_first
O000620,2026-W37,2026-09-07,2026-09-14,30,2,5,P0022,L0022,STANDARD,P,optimized_efficiency_first
O000621,2026-W37,2026-09-07,2026-09-14,30,2,5,P0023,L0023,STANDARD,P,optimized_efficiency_first
O000622,2026-W37,2026-09-07,2026-09-14,30,2,5,P0024,L0024,STANDARD,P,optimized_efficiency_first
O000623,2026-W37,2026-09-07,2026-09-14,30,2,5,P0025,L0025,STANDARD,P,optimized_efficiency_first
O000624,2026-W37,2026-09-07,2026-09-14,30,2,5,P0027,L0027,STANDARD,P,optimized_efficiency_first
O000625,2026-W37,2026-09-07,2026-09-14,30,2,5,P0030,L0030,STANDARD,P,optimized_efficiency_first
O000626,2026-W37,2026-09-07,2026-09-14,30,2,5,P0031,L0031,STANDARD,P,optimized_efficiency_first
O000627,2026-W37,2026-09-07,2026-09-14,30,2,5,P0032,L0032,STANDARD,P,optimized_efficiency_first
O000628,2026-W37,2026-09-07,2026-09-14,30,2,5,P0034,L0034,STANDARD,P,optimized_efficiency_first
O000629,2026-W37,2026-09-07,2026-09-14,30,2,5,P0035,L0035,STANDARD,P,optimized_efficiency_first
O000630,2026-W38,2026-09-14,2026-09-21,31,3,5,P0039,L0039,H24,P,optimized_efficiency_first
O000631,2026-W38,2026-09-14,2026-09-21,31,3,5,P0045,L0045,H24,P,optimized_efficiency_first
O000632,2026-W38,2026-09-14,2026-09-21,31,3,5,P0052,L0052,H24,C,optimized_efficiency_first
O000633,2026-W38,2026-09-14,2026-09-21,31,3,5,P0036,L0036,STANDARD,P,optimized_efficiency_first
O000634,2026-W38,2026-09-14,2026-09-21,31,3,5,P0037,L0037,STANDARD,P,optimized_efficiency_first
O000635,2026-W38,2026-09-14,2026-09-21,31,3,5,P0038,L0038,STANDARD,P,optimized_efficiency_first
O000636,2026-W38,2026-09-14,2026-09-21,31,3,5,P0040,L0040,STANDARD,P,optimized_efficiency_first
O000637,2026-W38,2026-09-14,2026-09-21,31,3,5,P0041,L0041,STANDARD,P,optimized_efficiency_first
O000638,2026-W38,2026-09-14,2026-09-21,31,3,5,P0042,L0042,STANDARD,P,optimized_efficiency_first
O000639,2026-W38,2026-09-14,2026-09-21,31,3,5,P0043,L0043,STANDARD,P,optimized_efficiency_first
O000640,2026-W38,2026-09-14,2026-09-21,31,3,5,P0044,L0044,STANDARD,P,optimized_efficiency_first
O000641,2026-W38,2026-09-14,2026-09-21,31,3,5,P0046,L0046,STANDARD,P,optimized_efficiency_first
O000642,2026-W38,2026-09-14,2026-09-21,31,3,5,P0047,L0047,STANDARD,P,optimized_efficiency_first
O000643,2026-W38,2026-09-14,2026-09-21,31,3,5,P0048,L0048,STANDARD,P,optimized_efficiency_first
O000644,2026-W38,2026-09-14,2026-09-21,31,3,5,P0050,L0050,STANDARD,P,optimized_efficiency_first
O000645,2026-W38,2026-09-14,2026-09-21,31,3,5,P0051,L0051,STANDARD,P,optimized_efficiency_first
O000646,2026-W38,2026-09-14,2026-09-21,31,3,5,P0053,L0053,STANDARD,P,optimized_efficiency_first
O000647,2026-W39,2026-09-21,2026-09-28,32,4,5,P0057,L0057,H24,P,optimized_efficiency_first
O000648,2026-W39,2026-09-21,2026-09-28,32,4,5,P0060,L0060,H24,P,optimized_efficiency_first
O000649,2026-W39,2026-09-21,2026-09-28,32,4,5,P0066,L0066,H24,P,optimized_efficiency_first
O000650,2026-W39,2026-09-21,2026-09-28,32,4,5,P0054,L0054,STANDARD,P,optimized_efficiency_first
O000651,2026-W39,2026-09-21,2026-09-28,32,4,5,P0055,L0124,STANDARD,P,optimized_efficiency_first
O000652,2026-W39,2026-09-21,2026-09-28,32,4,5,P0056,L0056,STANDARD,P,optimized_efficiency_first
O000653,2026-W39,2026-09-21,2026-09-28,32,4,5,P0058,L0058,STANDARD,P,optimized_efficiency_first
O000654,2026-W39,2026-09-21,2026-09-28,32,4,5,P0059,L0059,STANDARD,P,optimized_efficiency_first
O000655,2026-W39,2026-09-21,2026-09-28,32,4,5,P0061,L0061,STANDARD,P,optimized_efficiency_first
O000656,2026-W39,2026-09-21,2026-09-28,32,4,5,P0062,L0062,STANDARD,P,optimized_efficiency_first
O000657,2026-W39,2026-09-21,2026-09-28,32,4,5,P0063,L0063,STANDARD,P,optimized_efficiency_first
O000658,2026-W39,2026-09-21,2026-09-28,32,4,5,P0064,L0064,STANDARD,P,optimized_efficiency_first
O000659,2026-W39,2026-09-21,2026-09-28,32,4,5,P0065,L0065,STANDARD,P,optimized_efficiency_first
O000660,2026-W39,2026-09-21,2026-09-28,32,4,5,P0067,L0067,STANDARD,P,optimized_efficiency_first
O000661,2026-W39,2026-09-21,2026-09-28,32,4,5,P0068,L0068,STANDARD,P,optimized_efficiency_first
O000662,2026-W39,2026-09-21,2026-09-28,32,4,5,P0069,L0069,STANDARD,P,optimized_efficiency_first
O000663,2026-W39,2026-09-21,2026-09-28,32,4,5,P0070,L0070,STANDARD,C,optimized_efficiency_first
O000664,2026-W40,2026-09-28,2026-10-05,33,5,5,P0076,L0076,H24,P,optimized_efficiency_first
O000665,2026-W40,2026-09-28,2026-10-05,33,5,5,P0078,L0078,H24,P,optimized_efficiency_first
O000666,2026-W40,2026-09-28,2026-10-05,33,5,5,P0086,L0086,H24,P,optimized_efficiency_first
O000667,2026-W40,2026-09-28,2026-10-05,33,5,5,P0072,L0072,STANDARD,P,optimized_efficiency_first
O000668,2026-W40,2026-09-28,2026-10-05,33,5,5,P0073,L0073,STANDARD,P,optimized_efficiency_first
O000669,2026-W40,2026-09-28,2026-10-05,33,5,5,P0074,L0074,STANDARD,P,optimized_efficiency_first
O000670,2026-W40,2026-09-28,2026-10-05,33,5,5,P0075,L0075,STANDARD,P,optimized_efficiency_first
O000671,2026-W40,2026-09-28,2026-10-05,33,5,5,P0077,L0077,STANDARD,P,optimized_efficiency_first
O000672,2026-W40,2026-09-28,2026-10-05,33,5,5,P0079,L0079,STANDARD,P,optimized_efficiency_first
O000673,2026-W40,2026-09-28,2026-10-05,33,5,5,P0080,L0080,STANDARD,P,optimized_efficiency_first
O000674,2026-W40,2026-09-28,2026-10-05,33,5,5,P0081,L0081,STANDARD,P,optimized_efficiency_first
O000675,2026-W40,2026-09-28,2026-10-05,33,5,5,P0082,L0082,STANDARD,P,optimized_efficiency_first
O000676,2026-W40,2026-09-28,2026-10-05,33,5,5,P0083,L0083,STANDARD,P,optimized_efficiency_first
O000677,2026-W40,2026-09-28,2026-10-05,33,5,5,P0084,L0084,STANDARD,P,optimized_efficiency_first
O000678,2026-W40,2026-09-28,2026-10-05,33,5,5,P0085,L0085,STANDARD,P,optimized_efficiency_first
O000679,2026-W40,2026-09-28,2026-10-05,33,5,5,P0087,L0087,STANDARD,P,optimized_efficiency_first
O000680,2026-W40,2026-09-28,2026-10-05,33,5,5,P0088,L0088,STANDARD,P,optimized_efficiency_first
O000681,2026-W41,2026-10-05,2026-10-12,34,6,5,P0093,L0093,H24,P,optimized_efficiency_first
O000682,2026-W41,2026-10-05,2026-10-12,34,6,5,P0094,L0094,H24,P,optimized_efficiency_first
O000683,2026-W41,2026-10-05,2026-10-12,34,6,5,P0105,L0105,H24,P,optimized_efficiency_first
O000684,2026-W41,2026-10-05,2026-10-12,34,6,5,P0089,L0089,STANDARD,P,optimized_efficiency_first
O000685,2026-W41,2026-10-05,2026-10-12,34,6,5,P0090,L0090,STANDARD,P,optimized_efficiency_first
O000686,2026-W41,2026-10-05,2026-10-12,34,6,5,P0091,L0091,STANDARD,P,optimized_efficiency_first
O000687,2026-W41,2026-10-05,2026-10-12,34,6,5,P0092,L0092,STANDARD,P,optimized_efficiency_first
O000688,2026-W41,2026-10-05,2026-10-12,34,6,5,P0095,L0095,STANDARD,P,optimized_efficiency_first
O000689,2026-W41,2026-10-05,2026-10-12,34,6,5,P0096,L0096,STANDARD,P,optimized_efficiency_first
O000690,2026-W41,2026-10-05,2026-10-12,34,6,5,P0097,L0097,STANDARD,P,optimized_efficiency_first
O000691,2026-W41,2026-10-05,2026-10-12,34,6,5,P0098,L0098,STANDARD,P,optimized_efficiency_first
O000692,2026-W41,2026-10-05,2026-10-12,34,6,5,P0099,L0099,STANDARD,P,optimized_efficiency_first
O000693,2026-W41,2026-10-05,2026-10-12,34,6,5,P0100,L0100,STANDARD,P,optimized_efficiency_first
O000694,2026-W41,2026-10-05,2026-10-12,34,6,5,P0101,L0101,STANDARD,P,optimized_efficiency_first
O000695,2026-W41,2026-10-05,2026-10-12,34,6,5,P0102,L0102,STANDARD,P,optimized_efficiency_first
O000696,2026-W41,2026-10-05,2026-10-12,34,6,5,P0104,L0104,STANDARD,P,optimized_efficiency_first
O000697,2026-W41,2026-10-05,2026-10-12,34,6,5,P0106,L0106,STANDARD,P,optimized_efficiency_first
O000698,2026-W42,2026-10-12,2026-10-19,35,7,5,P0113,L0113,H24,P,optimized_efficiency_first
O000699,2026-W42,2026-10-12,2026-10-19,35,7,5,P0118,L0118,H24,P,optimized_efficiency_first
O000700,2026-W42,2026-10-12,2026-10-19,35,7,5,P0122,L0122,H24,P,optimized_efficiency_first
O000701,2026-W42,2026-10-12,2026-10-19,35,7,5,P0107,L0107,STANDARD,P,optimized_efficiency_first
O000702,2026-W42,2026-10-12,2026-10-19,35,7,5,P0108,L0108,STANDARD,P,optimized_efficiency_first
O000703,2026-W42,2026-10-12,2026-10-19,35,7,5,P0109,L0109,STANDARD,P,optimized_efficiency_first
O000704,2026-W42,2026-10-12,2026-10-19,35,7,5,P0110,L0110,STANDARD,P,optimized_efficiency_first
O000705,2026-W42,2026-10-12,2026-10-19,35,7,5,P0111,L0111,STANDARD,P,optimized_efficiency_first
O000706,2026-W42,2026-10-12,2026-10-19,35,7,5,P0112,L0112,STANDARD,P,optimized_efficiency_first
O000707,2026-W42,2026-10-12,2026-10-19,35,7,5,P0114,L0114,STANDARD,P,optimized_efficiency_first
O000708,2026-W42,2026-10-12,2026-10-19,35,7,5,P0115,L0115,STANDARD,P,optimized_efficiency_first
O000709,2026-W42,2026-10-12,2026-10-19,35,7,5,P0116,L0116,STANDARD,P,optimized_efficiency_first
O000710,2026-W42,2026-10-12,2026-10-19,35,7,5,P0117,L0117,STANDARD,P,optimized_efficiency_first
O000711,2026-W42,2026-10-12,2026-10-19,35,7,5,P0119,L0119,STANDARD,C,optimized_efficiency_first
O000712,2026-W42,2026-10-12,2026-10-19,35,7,5,P0120,L0120,STANDARD,P,optimized_efficiency_first
O000713,2026-W42,2026-10-12,2026-10-19,35,7,5,P0121,L0121,STANDARD,P,optimized_efficiency_first
O000714,2026-W42,2026-10-12,2026-10-19,35,7,5,P0123,L0123,STANDARD,P,optimized_efficiency_first
O000715,2026-W43,2026-10-19,2026-10-26,36,1,6,P0001,L0001,H24,C,optimized_efficiency_first
O000716,2026-W43,2026-10-19,2026-10-26,36,1,6,P0002,L0002,H24,P,optimized_efficiency_first
O000717,2026-W43,2026-10-19,2026-10-26,36,1,6,P0003,L0003,H24,P,optimized_efficiency_first
O000718,2026-W43,2026-10-19,2026-10-26,36,1,6,P0004,L0004,STANDARD,P,optimized_efficiency_first
O000719,2026-W43,2026-10-19,2026-10-26,36,1,6,P0005,L0005,STANDARD,P,optimized_efficiency_first
O000720,2026-W43,2026-10-19,2026-10-26,36,1,6,P0006,L0006,STANDARD,P,optimized_efficiency_first
O000721,2026-W43,2026-10-19,2026-10-26,36,1,6,P0007,L0007,STANDARD,P,optimized_efficiency_first
O000722,2026-W43,2026-10-19,2026-10-26,36,1,6,P0008,L0008,STANDARD,P,optimized_efficiency_first
O000723,2026-W43,2026-10-19,2026-10-26,36,1,6,P0009,L0009,STANDARD,P,optimized_efficiency_first
O000724,2026-W43,2026-10-19,2026-10-26,36,1,6,P0010,L0010,STANDARD,P,optimized_efficiency_first
O000725,2026-W43,2026-10-19,2026-10-26,36,1,6,P0011,L0011,STANDARD,P,optimized_efficiency_first
O000726,2026-W43,2026-10-19,2026-10-26,36,1,6,P0012,L0012,STANDARD,P,optimized_efficiency_first
O000727,2026-W43,2026-10-19,2026-10-26,36,1,6,P0013,L0013,STANDARD,P,optimized_efficiency_first
O000728,2026-W43,2026-10-19,2026-10-26,36,1,6,P0014,L0014,STANDARD,P,optimized_efficiency_first
O000729,2026-W43,2026-10-19,2026-10-26,36,1,6,P0015,L0015,STANDARD,P,optimized_efficiency_first
O000730,2026-W43,2026-10-19,2026-10-26,36,1,6,P0016,L0016,STANDARD,P,optimized_efficiency_first
O000731,2026-W43,2026-10-19,2026-10-26,36,1,6,P0017,L0017,STANDARD,C,optimized_efficiency_first
O000732,2026-W44,2026-10-26,2026-11-02,37,2,6,P0018,L0018,H24,P,optimized_efficiency_first
O000733,2026-W44,2026-10-26,2026-11-02,37,2,6,P0019,L0019,H24,P,optimized_efficiency_first
O000734,2026-W44,2026-10-26,2026-11-02,37,2,6,P0020,L0020,H24,P,optimized_efficiency_first
O000735,2026-W44,2026-10-26,2026-11-02,37,2,6,P0021,L0021,STANDARD,P,optimized_efficiency_first
O000736,2026-W44,2026-10-26,2026-11-02,37,2,6,P0022,L0022,STANDARD,P,optimized_efficiency_first
O000737,2026-W44,2026-10-26,2026-11-02,37,2,6,P0023,L0023,STANDARD,P,optimized_efficiency_first
O000738,2026-W44,2026-10-26,2026-11-02,37,2,6,P0024,L0024,STANDARD,P,optimized_efficiency_first
O000739,2026-W44,2026-10-26,2026-11-02,37,2,6,P0026,L0026,STANDARD,P,optimized_efficiency_first
O000740,2026-W44,2026-10-26,2026-11-02,37,2,6,P0027,L0027,STANDARD,P,optimized_efficiency_first
O000741,2026-W44,2026-10-26,2026-11-02,37,2,6,P0028,L0028,STANDARD,P,optimized_efficiency_first
O000742,2026-W44,2026-10-26,2026-11-02,37,2,6,P0029,L0029,STANDARD,P,optimized_efficiency_first
O000743,2026-W44,2026-10-26,2026-11-02,37,2,6,P0030,L0030,STANDARD,P,optimized_efficiency_first
O000744,2026-W44,2026-10-26,2026-11-02,37,2,6,P0031,L0031,STANDARD,P,optimized_efficiency_first
O000745,2026-W44,2026-10-26,2026-11-02,37,2,6,P0032,L0032,STANDARD,P,optimized_efficiency_first
O000746,2026-W44,2026-10-26,2026-11-02,37,2,6,P0033,L0033,STANDARD,P,optimized_efficiency_first
O000747,2026-W44,2026-10-26,2026-11-02,37,2,6,P0034,L0034,STANDARD,P,optimized_efficiency_first
O000748,2026-W44,2026-10-26,2026-11-02,37,2,6,P0035,L0035,STANDARD,P,optimized_efficiency_first
O000749,2026-W45,2026-11-02,2026-11-09,38,3,6,P0036,L0036,H24,P,optimized_efficiency_first
O000750,2026-W45,2026-11-02,2026-11-09,38,3,6,P0037,L0037,H24,P,optimized_efficiency_first
O000751,2026-W45,2026-11-02,2026-11-09,38,3,6,P0038,L0038,H24,P,optimized_efficiency_first
O000752,2026-W45,2026-11-02,2026-11-09,38,3,6,P0039,L0039,STANDARD,P,optimized_efficiency_first
O000753,2026-W45,2026-11-02,2026-11-09,38,3,6,P0040,L0040,STANDARD,P,optimized_efficiency_first
O000754,2026-W45,2026-11-02,2026-11-09,38,3,6,P0041,L0041,STANDARD,P,optimized_efficiency_first
O000755,2026-W45,2026-11-02,2026-11-09,38,3,6,P0042,L0042,STANDARD,P,optimized_efficiency_first
O000756,2026-W45,2026-11-02,2026-11-09,38,3,6,P0043,L0043,STANDARD,P,optimized_efficiency_first
O000757,2026-W45,2026-11-02,2026-11-09,38,3,6,P0044,L0044,STANDARD,P,optimized_efficiency_first
O000758,2026-W45,2026-11-02,2026-11-09,38,3,6,P0045,L0045,STANDARD,P,optimized_efficiency_first
O000759,2026-W45,2026-11-02,2026-11-09,38,3,6,P0047,L0047,STANDARD,P,optimized_efficiency_first
O000760,2026-W45,2026-11-02,2026-11-09,38,3,6,P0048,L0048,STANDARD,P,optimized_efficiency_first
O000761,2026-W45,2026-11-02,2026-11-09,38,3,6,P0049,L0049,STANDARD,P,optimized_efficiency_first
O000762,2026-W45,2026-11-02,2026-11-09,38,3,6,P0050,L0050,STANDARD,P,optimized_efficiency_first
O000763,2026-W45,2026-11-02,2026-11-09,38,3,6,P0051,L0051,STANDARD,P,optimized_efficiency_first
O000764,2026-W45,2026-11-02,2026-11-09,38,3,6,P0052,L0052,STANDARD,C,optimized_efficiency_first
O000765,2026-W45,2026-11-02,2026-11-09,38,3,6,P0053,L0053,STANDARD,P,optimized_efficiency_first
O000766,2026-W46,2026-11-09,2026-11-16,39,4,6,P0054,L0054,H24,P,optimized_efficiency_first
O000767,2026-W46,2026-11-09,2026-11-16,39,4,6,P0055,L0055,H24,P,optimized_efficiency_first
O000768,2026-W46,2026-11-09,2026-11-16,39,4,6,P0056,L0056,H24,P,optimized_efficiency_first
O000769,2026-W46,2026-11-09,2026-11-16,39,4,6,P0057,L0057,STANDARD,P,optimized_efficiency_first
O000770,2026-W46,2026-11-09,2026-11-16,39,4,6,P0058,L0058,STANDARD,P,optimized_efficiency_first
O000771,2026-W46,2026-11-09,2026-11-16,39,4,6,P0059,L0059,STANDARD,P,optimized_efficiency_first
O000772,2026-W46,2026-11-09,2026-11-16,39,4,6,P0060,L0060,STANDARD,P,optimized_efficiency_first
O000773,2026-W46,2026-11-09,2026-11-16,39,4,6,P0061,L0061,STANDARD,P,optimized_efficiency_first
O000774,2026-W46,2026-11-09,2026-11-16,39,4,6,P0062,L0062,STANDARD,P,optimized_efficiency_first
O000775,2026-W46,2026-11-09,2026-11-16,39,4,6,P0063,L0063,STANDARD,P,optimized_efficiency_first
O000776,2026-W46,2026-11-09,2026-11-16,39,4,6,P0064,L0064,STANDARD,P,optimized_efficiency_first
O000777,2026-W46,2026-11-09,2026-11-16,39,4,6,P0065,L0065,STANDARD,P,optimized_efficiency_first
O000778,2026-W46,2026-11-09,2026-11-16,39,4,6,P0066,L0066,STANDARD,P,optimized_efficiency_first
O000779,2026-W46,2026-11-09,2026-11-16,39,4,6,P0067,L0067,STANDARD,P,optimized_efficiency_first
O000780,2026-W46,2026-11-09,2026-11-16,39,4,6,P0068,L0068,STANDARD,P,optimized_efficiency_first
O000781,2026-W46,2026-11-09,2026-11-16,39,4,6,P0069,L0069,STANDARD,P,optimized_efficiency_first
O000782,2026-W46,2026-11-09,2026-11-16,39,4,6,P0070,L0070,STANDARD,C,optimized_efficiency_first
O000783,2026-W47,2026-11-16,2026-11-23,40,5,6,P0071,L0071,H24,P,optimized_efficiency_first
O000784,2026-W47,2026-11-16,2026-11-23,40,5,6,P0072,L0072,H24,P,optimized_efficiency_first
O000785,2026-W47,2026-11-16,2026-11-23,40,5,6,P0073,L0073,H24,P,optimized_efficiency_first
O000786,2026-W47,2026-11-16,2026-11-23,40,5,6,P0074,L0074,STANDARD,P,optimized_efficiency_first
O000787,2026-W47,2026-11-16,2026-11-23,40,5,6,P0075,L0075,STANDARD,P,optimized_efficiency_first
O000788,2026-W47,2026-11-16,2026-11-23,40,5,6,P0076,L0076,STANDARD,P,optimized_efficiency_first
O000789,2026-W47,2026-11-16,2026-11-23,40,5,6,P0078,L0078,STANDARD,P,optimized_efficiency_first
O000790,2026-W47,2026-11-16,2026-11-23,40,5,6,P0079,L0079,STANDARD,P,optimized_efficiency_first
O000791,2026-W47,2026-11-16,2026-11-23,40,5,6,P0080,L0080,STANDARD,P,optimized_efficiency_first
O000792,2026-W47,2026-11-16,2026-11-23,40,5,6,P0081,L0081,STANDARD,P,optimized_efficiency_first
O000793,2026-W47,2026-11-16,2026-11-23,40,5,6,P0082,L0082,STANDARD,P,optimized_efficiency_first
O000794,2026-W47,2026-11-16,2026-11-23,40,5,6,P0083,L0083,STANDARD,P,optimized_efficiency_first
O000795,2026-W47,2026-11-16,2026-11-23,40,5,6,P0084,L0084,STANDARD,P,optimized_efficiency_first
O000796,2026-W47,2026-11-16,2026-11-23,40,5,6,P0085,L0085,STANDARD,P,optimized_efficiency_first
O000797,2026-W47,2026-11-16,2026-11-23,40,5,6,P0086,L0086,STANDARD,P,optimized_efficiency_first
O000798,2026-W47,2026-11-16,2026-11-23,40,5,6,P0087,L0087,STANDARD,P,optimized_efficiency_first
O000799,2026-W47,2026-11-16,2026-11-23,40,5,6,P0088,L0088,STANDARD,P,optimized_efficiency_first
O000800,2026-W48,2026-11-23,2026-11-30,41,6,6,P0089,L0089,H24,P,optimized_efficiency_first
O000801,2026-W48,2026-11-23,2026-11-30,41,6,6,P0090,L0090,H24,P,optimized_efficiency_first
O000802,2026-W48,2026-11-23,2026-11-30,41,6,6,P0091,L0091,H24,P,optimized_efficiency_first
O000803,2026-W48,2026-11-23,2026-11-30,41,6,6,P0092,L0092,STANDARD,P,optimized_efficiency_first
O000804,2026-W48,2026-11-23,2026-11-30,41,6,6,P0093,L0093,STANDARD,P,optimized_efficiency_first
O000805,2026-W48,2026-11-23,2026-11-30,41,6,6,P0094,L0094,STANDARD,P,optimized_efficiency_first
O000806,2026-W48,2026-11-23,2026-11-30,41,6,6,P0095,L0095,STANDARD,P,optimized_efficiency_first
O000807,2026-W48,2026-11-23,2026-11-30,41,6,6,P0096,L0096,STANDARD,P,optimized_efficiency_first
O000808,2026-W48,2026-11-23,2026-11-30,41,6,6,P0097,L0097,STANDARD,P,optimized_efficiency_first
O000809,2026-W48,2026-11-23,2026-11-30,41,6,6,P0098,L0098,STANDARD,P,optimized_efficiency_first
O000810,2026-W48,2026-11-23,2026-11-30,41,6,6,P0100,L0100,STANDARD,P,optimized_efficiency_first
O000811,2026-W48,2026-11-23,2026-11-30,41,6,6,P0101,L0101,STANDARD,P,optimized_efficiency_first
O000812,2026-W48,2026-11-23,2026-11-30,41,6,6,P0102,L0102,STANDARD,P,optimized_efficiency_first
O000813,2026-W48,2026-11-23,2026-11-30,41,6,6,P0103,L0103,STANDARD,P,optimized_efficiency_first
O000814,2026-W48,2026-11-23,2026-11-30,41,6,6,P0104,L0104,STANDARD,P,optimized_efficiency_first
O000815,2026-W48,2026-11-23,2026-11-30,41,6,6,P0105,L0105,STANDARD,P,optimized_efficiency_first
O000816,2026-W48,2026-11-23,2026-11-30,41,6,6,P0106,L0106,STANDARD,P,optimized_efficiency_first
O000817,2026-W49,2026-11-30,2026-12-07,42,7,6,P0107,L0107,H24,P,optimized_efficiency_first
O000818,2026-W49,2026-11-30,2026-12-07,42,7,6,P0108,L0108,H24,P,optimized_efficiency_first
O000819,2026-W49,2026-11-30,2026-12-07,42,7,6,P0109,L0109,H24,P,optimized_efficiency_first
O000820,2026-W49,2026-11-30,2026-12-07,42,7,6,P0110,L0110,STANDARD,P,optimized_efficiency_first
O000821,2026-W49,2026-11-30,2026-12-07,42,7,6,P0111,L0111,STANDARD,P,optimized_efficiency_first
O000822,2026-W49,2026-11-30,2026-12-07,42,7,6,P0112,L0112,STANDARD,P,optimized_efficiency_first
O000823,2026-W49,2026-11-30,2026-12-07,42,7,6,P0113,L0113,STANDARD,P,optimized_efficiency_first
O000824,2026-W49,2026-11-30,2026-12-07,42,7,6,P0114,L0114,STANDARD,P,optimized_efficiency_first
O000825,2026-W49,2026-11-30,2026-12-07,42,7,6,P0115,L0115,STANDARD,P,optimized_efficiency_first
O000826,2026-W49,2026-11-30,2026-12-07,42,7,6,P0116,L0116,STANDARD,P,optimized_efficiency_first
O000827,2026-W49,2026-11-30,2026-12-07,42,7,6,P0117,L0117,STANDARD,P,optimized_efficiency_first
O000828,2026-W49,2026-11-30,2026-12-07,42,7,6,P0118,L0118,STANDARD,P,optimized_efficiency_first
O000829,2026-W49,2026-11-30,2026-12-07,42,7,6,P0119,L0119,STANDARD,C,optimized_efficiency_first
O000830,2026-W49,2026-11-30,2026-12-07,42,7,6,P0120,L0120,STANDARD,P,optimized_efficiency_first
O000831,2026-W49,2026-11-30,2026-12-07,42,7,6,P0121,L0121,STANDARD,P,optimized_efficiency_first
O000832,2026-W49,2026-11-30,2026-12-07,42,7,6,P0122,L0122,STANDARD,P,optimized_efficiency_first
O000833,2026-W49,2026-11-30,2026-12-07,42,7,6,P0123,L0123,STANDARD,P,optimized_efficiency_first
O000834,2026-W50,2026-12-07,2026-12-14,1,1,1,P0007,L0007,H24,P,optimized_efficiency_first
O000835,2026-W50,2026-12-07,2026-12-14,1,1,1,P0008,L0008,H24,P,optimized_efficiency_first
O000836,2026-W50,2026-12-07,2026-12-14,1,1,1,P0015,L0015,H24,P,optimized_efficiency_first
O000837,2026-W50,2026-12-07,2026-12-14,1,1,1,P0001,L0001,STANDARD,C,optimized_efficiency_first
O000838,2026-W50,2026-12-07,2026-12-14,1,1,1,P0002,L0002,STANDARD,P,optimized_efficiency_first
O000839,2026-W50,2026-12-07,2026-12-14,1,1,1,P0003,L0003,STANDARD,P,optimized_efficiency_first
O000840,2026-W50,2026-12-07,2026-12-14,1,1,1,P0004,L0004,STANDARD,P,optimized_efficiency_first
O000841,2026-W50,2026-12-07,2026-12-14,1,1,1,P0005,L0005,STANDARD,P,optimized_efficiency_first
O000842,2026-W50,2026-12-07,2026-12-14,1,1,1,P0006,L0006,STANDARD,P,optimized_efficiency_first
O000843,2026-W50,2026-12-07,2026-12-14,1,1,1,P0009,L0009,STANDARD,P,optimized_efficiency_first
O000844,2026-W50,2026-12-07,2026-12-14,1,1,1,P0010,L0010,STANDARD,P,optimized_efficiency_first
O000845,2026-W50,2026-12-07,2026-12-14,1,1,1,P0011,L0011,STANDARD,P,optimized_efficiency_first
O000846,2026-W50,2026-12-07,2026-12-14,1,1,1,P0012,L0012,STANDARD,P,optimized_efficiency_first
O000847,2026-W50,2026-12-07,2026-12-14,1,1,1,P0013,L0013,STANDARD,P,optimized_efficiency_first
O000848,2026-W50,2026-12-07,2026-12-14,1,1,1,P0014,L0014,STANDARD,P,optimized_efficiency_first
O000849,2026-W50,2026-12-07,2026-12-14,1,1,1,P0016,L0016,STANDARD,P,optimized_efficiency_first
O000850,2026-W50,2026-12-07,2026-12-14,1,1,1,P0017,L0017,STANDARD,C,optimized_efficiency_first
O000851,2026-W51,2026-12-14,2026-12-21,2,2,1,P0025,L0025,H24,P,optimized_efficiency_first
O000852,2026-W51,2026-12-14,2026-12-21,2,2,1,P0031,L0031,H24,P,optimized_efficiency_first
O000853,2026-W51,2026-12-14,2026-12-21,2,2,1,P0033,L0033,H24,P,optimized_efficiency_first
O000854,2026-W51,2026-12-14,2026-12-21,2,2,1,P0018,L0018,STANDARD,P,optimized_efficiency_first
O000855,2026-W51,2026-12-14,2026-12-21,2,2,1,P0019,L0019,STANDARD,P,optimized_efficiency_first
O000856,2026-W51,2026-12-14,2026-12-21,2,2,1,P0020,L0020,STANDARD,P,optimized_efficiency_first
O000857,2026-W51,2026-12-14,2026-12-21,2,2,1,P0021,L0021,STANDARD,P,optimized_efficiency_first
O000858,2026-W51,2026-12-14,2026-12-21,2,2,1,P0022,L0022,STANDARD,P,optimized_efficiency_first
O000859,2026-W51,2026-12-14,2026-12-21,2,2,1,P0023,L0023,STANDARD,P,optimized_efficiency_first
O000860,2026-W51,2026-12-14,2026-12-21,2,2,1,P0024,L0024,STANDARD,P,optimized_efficiency_first
O000861,2026-W51,2026-12-14,2026-12-21,2,2,1,P0026,L0026,STANDARD,P,optimized_efficiency_first
O000862,2026-W51,2026-12-14,2026-12-21,2,2,1,P0027,L0027,STANDARD,P,optimized_efficiency_first
O000863,2026-W51,2026-12-14,2026-12-21,2,2,1,P0029,L0029,STANDARD,P,optimized_efficiency_first
O000864,2026-W51,2026-12-14,2026-12-21,2,2,1,P0030,L0030,STANDARD,P,optimized_efficiency_first
O000865,2026-W51,2026-12-14,2026-12-21,2,2,1,P0032,L0032,STANDARD,P,optimized_efficiency_first
O000866,2026-W51,2026-12-14,2026-12-21,2,2,1,P0034,L0034,STANDARD,P,optimized_efficiency_first
O000867,2026-W51,2026-12-14,2026-12-21,2,2,1,P0035,L0035,STANDARD,P,optimized_efficiency_first
O000868,2026-W52,2026-12-21,2026-12-28,3,3,1,P0041,L0041,H24,P,optimized_efficiency_first
O000869,2026-W52,2026-12-21,2026-12-28,3,3,1,P0047,L0047,H24,P,optimized_efficiency_first
O000870,2026-W52,2026-12-21,2026-12-28,3,3,1,P0051,L0051,H24,P,optimized_efficiency_first
O000871,2026-W52,2026-12-21,2026-12-28,3,3,1,P0036,L0036,STANDARD,P,optimized_efficiency_first
O000872,2026-W52,2026-12-21,2026-12-28,3,3,1,P0037,L0037,STANDARD,P,optimized_efficiency_first
O000873,2026-W52,2026-12-21,2026-12-28,3,3,1,P0038,L0038,STANDARD,P,optimized_efficiency_first
O000874,2026-W52,2026-12-21,2026-12-28,3,3,1,P0039,L0039,STANDARD,P,optimized_efficiency_first
O000875,2026-W52,2026-12-21,2026-12-28,3,3,1,P0040,L0040,STANDARD,P,optimized_efficiency_first
O000876,2026-W52,2026-12-21,2026-12-28,3,3,1,P0042,L0042,STANDARD,P,optimized_efficiency_first
O000877,2026-W52,2026-12-21,2026-12-28,3,3,1,P0044,L0044,STANDARD,P,optimized_efficiency_first
O000878,2026-W52,2026-12-21,2026-12-28,3,3,1,P0045,L0045,STANDARD,P,optimized_efficiency_first
O000879,2026-W52,2026-12-21,2026-12-28,3,3,1,P0046,L0046,STANDARD,P,optimized_efficiency_first
O000880,2026-W52,2026-12-21,2026-12-28,3,3,1,P0048,L0048,STANDARD,P,optimized_efficiency_first
O000881,2026-W52,2026-12-21,2026-12-28,3,3,1,P0049,L0049,STANDARD,P,optimized_efficiency_first
O000882,2026-W52,2026-12-21,2026-12-28,3,3,1,P0050,L0050,STANDARD,P,optimized_efficiency_first
O000883,2026-W52,2026-12-21,2026-12-28,3,3,1,P0052,L0052,STANDARD,C,optimized_efficiency_first
O000884,2026-W52,2026-12-21,2026-12-28,3,3,1,P0053,L0053,STANDARD,P,optimized_efficiency_first
O000885,2026-W53,2026-12-28,2027-01-03,4,4,1,P0062,L0062,H24,P,optimized_efficiency_first
O000886,2026-W53,2026-12-28,2027-01-03,4,4,1,P0065,L0065,H24,P,optimized_efficiency_first
O000887,2026-W53,2026-12-28,2027-01-03,4,4,1,P0067,L0067,H24,P,optimized_efficiency_first
O000888,2026-W53,2026-12-28,2027-01-03,4,4,1,P0054,L0054,STANDARD,P,optimized_efficiency_first
O000889,2026-W53,2026-12-28,2027-01-03,4,4,1,P0055,L0124,STANDARD,P,optimized_efficiency_first
O000890,2026-W53,2026-12-28,2027-01-03,4,4,1,P0056,L0056,STANDARD,P,optimized_efficiency_first
O000891,2026-W53,2026-12-28,2027-01-03,4,4,1,P0057,L0057,STANDARD,P,optimized_efficiency_first
O000892,2026-W53,2026-12-28,2027-01-03,4,4,1,P0058,L0058,STANDARD,P,optimized_efficiency_first
O000893,2026-W53,2026-12-28,2027-01-03,4,4,1,P0059,L0059,STANDARD,P,optimized_efficiency_first
O000894,2026-W53,2026-12-28,2027-01-03,4,4,1,P0060,L0060,STANDARD,P,optimized_efficiency_first
O000895,2026-W53,2026-12-28,2027-01-03,4,4,1,P0061,L0061,STANDARD,P,optimized_efficiency_first
O000896,2026-W53,2026-12-28,2027-01-03,4,4,1,P0063,L0063,STANDARD,P,optimized_efficiency_first
O000897,2026-W53,2026-12-28,2027-01-03,4,4,1,P0064,L0064,STANDARD,P,optimized_efficiency_first
O000898,2026-W53,2026-12-28,2027-01-03,4,4,1,P0066,L0066,STANDARD,P,optimized_efficiency_first
O000899,2026-W53,2026-12-28,2027-01-03,4,4,1,P0068,L0068,STANDARD,P,optimized_efficiency_first
O000900,2026-W53,2026-12-28,2027-01-03,4,4,1,P0069,L0069,STANDARD,P,optimized_efficiency_first
O000901,2026-W53,2026-12-28,2027-01-03,4,4,1,P0070,L0070,STANDARD,C,optimized_efficiency_first
