event_id,nT,rotation_group,unavailable_pharmacy_id,group_size,secondary_eligible_candidate_from_history,candidate_modeled_constraints_pass,authorized_substitute_pharmacy_id,authorization_status,authorization_reason,approved_by,approval_reference
1:P0001,1,1,P0001,17,,False,,,,,
1:P0002,1,1,P0002,17,,False,,,,,
1:P0003,1,1,P0003,17,,False,,,,,
1:P0004,1,1,P0004,17,,False,,,,,
1:P0005,1,1,P0005,17,,False,,,,,
1:P0006,1,1,P0006,17,,False,,,,,
1:P0007,1,1,P0007,17,,False,,,,,
1:P0008,1,1,P0008,17,,False,,,,,
1:P0009,1,1,P0009,17,,False,,,,,
1:P0010,1,1,P0010,17,,False,,,,,
1:P0011,1,1,P0011,17,,False,,,,,
1:P0012,1,1,P0012,17,,False,,,,,
1:P0013,1,1,P0013,17,,False,,,,,
1:P0014,1,1,P0014,17,,False,,,,,
1:P0015,1,1,P0015,17,,False,,,,,
1:P0016,1,1,P0016,17,,False,,,,,
1:P0017,1,1,P0017,17,,False,,,,,
4:P0054,4,4,P0054,17,,False,,,,,
4:P0055,4,4,P0055,17,,False,,,,,
4:P0056,4,4,P0056,17,,False,,,,,
4:P0057,4,4,P0057,17,,False,,,,,
4:P0058,4,4,P0058,17,,False,,,,,
4:P0059,4,4,P0059,17,,False,,,,,
4:P0060,4,4,P0060,17,,False,,,,,
4:P0061,4,4,P0061,17,,False,,,,,
4:P0062,4,4,P0062,17,,False,,,,,
4:P0063,4,4,P0063,17,,False,,,,,
4:P0064,4,4,P0064,17,,False,,,,,
4:P0065,4,4,P0065,17,,False,,,,,
4:P0066,4,4,P0066,17,,False,,,,,
4:P0067,4,4,P0067,17,,False,,,,,
4:P0068,4,4,P0068,17,,False,,,,,
4:P0069,4,4,P0069,17,,False,,,,,
4:P0070,4,4,P0070,17,,False,,,,,
7:P0107,7,7,P0107,17,,False,,,,,
7:P0108,7,7,P0108,17,,False,,,,,
7:P0109,7,7,P0109,17,,False,,,,,
7:P0110,7,7,P0110,17,,False,,,,,
7:P0111,7,7,P0111,17,,False,,,,,
7:P0112,7,7,P0112,17,,False,,,,,
7:P0113,7,7,P0113,17,,False,,,,,
7:P0114,7,7,P0114,17,,False,,,,,
7:P0115,7,7,P0115,17,,False,,,,,
7:P0116,7,7,P0116,17,,False,,,,,
7:P0117,7,7,P0117,17,,False,,,,,
7:P0118,7,7,P0118,17,,False,,,,,
7:P0119,7,7,P0119,17,,False,,,,,
7:P0120,7,7,P0120,17,,False,,,,,
7:P0121,7,7,P0121,17,,False,,,,,
7:P0122,7,7,P0122,17,,False,,,,,
7:P0123,7,7,P0123,17,,False,,,,,
8:P0001,8,1,P0001,17,,False,,,,,
8:P0002,8,1,P0002,17,,False,,,,,
8:P0003,8,1,P0003,17,,False,,,,,
8:P0004,8,1,P0004,17,,False,,,,,
8:P0005,8,1,P0005,17,,False,,,,,
8:P0006,8,1,P0006,17,,False,,,,,
8:P0007,8,1,P0007,17,,False,,,,,
8:P0008,8,1,P0008,17,,False,,,,,
8:P0009,8,1,P0009,17,,False,,,,,
8:P0010,8,1,P0010,17,,False,,,,,
8:P0011,8,1,P0011,17,,False,,,,,
8:P0012,8,1,P0012,17,,False,,,,,
8:P0013,8,1,P0013,17,,False,,,,,
8:P0014,8,1,P0014,17,,False,,,,,
8:P0015,8,1,P0015,17,,False,,,,,
8:P0016,8,1,P0016,17,,False,,,,,
8:P0017,8,1,P0017,17,,False,,,,,
11:P0054,11,4,P0054,17,,False,,,,,
11:P0055,11,4,P0055,17,,False,,,,,
11:P0056,11,4,P0056,17,,False,,,,,
11:P0057,11,4,P0057,17,,False,,,,,
11:P0058,11,4,P0058,17,,False,,,,,
11:P0059,11,4,P0059,17,,False,,,,,
11:P0060,11,4,P0060,17,,False,,,,,
11:P0061,11,4,P0061,17,,False,,,,,
11:P0062,11,4,P0062,17,,False,,,,,
11:P0063,11,4,P0063,17,,False,,,,,
11:P0064,11,4,P0064,17,,False,,,,,
11:P0065,11,4,P0065,17,,False,,,,,
11:P0066,11,4,P0066,17,,False,,,,,
11:P0067,11,4,P0067,17,,False,,,,,
11:P0068,11,4,P0068,17,,False,,,,,
11:P0069,11,4,P0069,17,,False,,,,,
11:P0070,11,4,P0070,17,,False,,,,,
14:P0107,14,7,P0107,17,,False,,,,,
14:P0108,14,7,P0108,17,,False,,,,,
14:P0109,14,7,P0109,17,,False,,,,,
14:P0110,14,7,P0110,17,,False,,,,,
14:P0111,14,7,P0111,17,,False,,,,,
14:P0112,14,7,P0112,17,,False,,,,,
14:P0113,14,7,P0113,17,,False,,,,,
14:P0114,14,7,P0114,17,,False,,,,,
14:P0115,14,7,P0115,17,,False,,,,,
14:P0116,14,7,P0116,17,,False,,,,,
14:P0117,14,7,P0117,17,,False,,,,,
14:P0118,14,7,P0118,17,,False,,,,,
14:P0119,14,7,P0119,17,,False,,,,,
14:P0120,14,7,P0120,17,,False,,,,,
14:P0121,14,7,P0121,17,,False,,,,,
14:P0122,14,7,P0122,17,,False,,,,,
14:P0123,14,7,P0123,17,,False,,,,,
15:P0001,15,1,P0001,17,,False,,,,,
15:P0002,15,1,P0002,17,,False,,,,,
15:P0003,15,1,P0003,17,,False,,,,,
15:P0004,15,1,P0004,17,,False,,,,,
15:P0005,15,1,P0005,17,,False,,,,,
15:P0006,15,1,P0006,17,,False,,,,,
15:P0007,15,1,P0007,17,,False,,,,,
15:P0008,15,1,P0008,17,,False,,,,,
15:P0009,15,1,P0009,17,,False,,,,,
15:P0010,15,1,P0010,17,,False,,,,,
15:P0011,15,1,P0011,17,,False,,,,,
15:P0012,15,1,P0012,17,,False,,,,,
15:P0013,15,1,P0013,17,,False,,,,,
15:P0014,15,1,P0014,17,,False,,,,,
15:P0015,15,1,P0015,17,,False,,,,,
15:P0016,15,1,P0016,17,,False,,,,,
15:P0017,15,1,P0017,17,,False,,,,,
18:P0054,18,4,P0054,17,,False,,,,,
18:P0055,18,4,P0055,17,,False,,,,,
18:P0056,18,4,P0056,17,,False,,,,,
18:P0057,18,4,P0057,17,,False,,,,,
18:P0058,18,4,P0058,17,,False,,,,,
18:P0059,18,4,P0059,17,,False,,,,,
18:P0060,18,4,P0060,17,,False,,,,,
18:P0061,18,4,P0061,17,,False,,,,,
18:P0062,18,4,P0062,17,,False,,,,,
18:P0063,18,4,P0063,17,,False,,,,,
18:P0064,18,4,P0064,17,,False,,,,,
18:P0065,18,4,P0065,17,,False,,,,,
18:P0066,18,4,P0066,17,,False,,,,,
18:P0067,18,4,P0067,17,,False,,,,,
18:P0068,18,4,P0068,17,,False,,,,,
18:P0069,18,4,P0069,17,,False,,,,,
18:P0070,18,4,P0070,17,,False,,,,,
21:P0107,21,7,P0107,17,P0076,True,,,,,
21:P0108,21,7,P0108,17,P0076,True,,,,,
21:P0109,21,7,P0109,17,P0076,True,,,,,
21:P0110,21,7,P0110,17,P0076,True,,,,,
21:P0111,21,7,P0111,17,P0076,True,,,,,
21:P0112,21,7,P0112,17,P0076,True,,,,,
21:P0113,21,7,P0113,17,P0076,True,,,,,
21:P0114,21,7,P0114,17,P0076,True,,,,,
21:P0115,21,7,P0115,17,P0076,True,,,,,
21:P0116,21,7,P0116,17,P0076,True,,,,,
21:P0117,21,7,P0117,17,P0076,True,,,,,
21:P0118,21,7,P0118,17,P0076,True,,,,,
21:P0119,21,7,P0119,17,P0076,True,,,,,
21:P0120,21,7,P0120,17,P0076,True,,,,,
21:P0121,21,7,P0121,17,P0076,True,,,,,
21:P0122,21,7,P0122,17,P0076,True,,,,,
21:P0123,21,7,P0123,17,P0076,True,,,,,
22:P0001,22,1,P0001,17,,False,,,,,
22:P0002,22,1,P0002,17,,False,,,,,
22:P0003,22,1,P0003,17,,False,,,,,
22:P0004,22,1,P0004,17,,False,,,,,
22:P0005,22,1,P0005,17,,False,,,,,
22:P0006,22,1,P0006,17,,False,,,,,
22:P0007,22,1,P0007,17,,False,,,,,
22:P0008,22,1,P0008,17,,False,,,,,
22:P0009,22,1,P0009,17,,False,,,,,
22:P0010,22,1,P0010,17,,False,,,,,
22:P0011,22,1,P0011,17,,False,,,,,
22:P0012,22,1,P0012,17,,False,,,,,
22:P0013,22,1,P0013,17,,False,,,,,
22:P0014,22,1,P0014,17,,False,,,,,
22:P0015,22,1,P0015,17,,False,,,,,
22:P0016,22,1,P0016,17,,False,,,,,
22:P0017,22,1,P0017,17,,False,,,,,
25:P0054,25,4,P0054,17,,False,,,,,
25:P0055,25,4,P0055,17,,False,,,,,
25:P0056,25,4,P0056,17,,False,,,,,
25:P0057,25,4,P0057,17,,False,,,,,
25:P0058,25,4,P0058,17,,False,,,,,
25:P0059,25,4,P0059,17,,False,,,,,
25:P0060,25,4,P0060,17,,False,,,,,
25:P0061,25,4,P0061,17,,False,,,,,
25:P0062,25,4,P0062,17,,False,,,,,
25:P0063,25,4,P0063,17,,False,,,,,
25:P0064,25,4,P0064,17,,False,,,,,
25:P0065,25,4,P0065,17,,False,,,,,
25:P0066,25,4,P0066,17,,False,,,,,
25:P0067,25,4,P0067,17,,False,,,,,
25:P0068,25,4,P0068,17,,False,,,,,
25:P0069,25,4,P0069,17,,False,,,,,
25:P0070,25,4,P0070,17,,False,,,,,
28:P0107,28,7,P0107,17,,False,,,,,
28:P0108,28,7,P0108,17,,False,,,,,
28:P0109,28,7,P0109,17,,False,,,,,
28:P0110,28,7,P0110,17,,False,,,,,
28:P0111,28,7,P0111,17,,False,,,,,
28:P0112,28,7,P0112,17,,False,,,,,
28:P0113,28,7,P0113,17,,False,,,,,
28:P0114,28,7,P0114,17,,False,,,,,
28:P0115,28,7,P0115,17,,False,,,,,
28:P0116,28,7,P0116,17,,False,,,,,
28:P0117,28,7,P0117,17,,False,,,,,
28:P0118,28,7,P0118,17,,False,,,,,
28:P0119,28,7,P0119,17,,False,,,,,
28:P0120,28,7,P0120,17,,False,,,,,
28:P0121,28,7,P0121,17,,False,,,,,
28:P0122,28,7,P0122,17,,False,,,,,
28:P0123,28,7,P0123,17,,False,,,,,
29:P0001,29,1,P0001,17,,False,,,,,
29:P0002,29,1,P0002,17,,False,,,,,
29:P0003,29,1,P0003,17,,False,,,,,
29:P0004,29,1,P0004,17,,False,,,,,
29:P0005,29,1,P0005,17,,False,,,,,
29:P0006,29,1,P0006,17,,False,,,,,
29:P0007,29,1,P0007,17,,False,,,,,
29:P0008,29,1,P0008,17,,False,,,,,
29:P0009,29,1,P0009,17,,False,,,,,
29:P0010,29,1,P0010,17,,False,,,,,
29:P0011,29,1,P0011,17,,False,,,,,
29:P0012,29,1,P0012,17,,False,,,,,
29:P0013,29,1,P0013,17,,False,,,,,
29:P0014,29,1,P0014,17,,False,,,,,
29:P0015,29,1,P0015,17,,False,,,,,
29:P0016,29,1,P0016,17,,False,,,,,
29:P0017,29,1,P0017,17,,False,,,,,
32:P0054,32,4,P0054,17,,False,,,,,
32:P0055,32,4,P0055,17,,False,,,,,
32:P0056,32,4,P0056,17,,False,,,,,
32:P0057,32,4,P0057,17,,False,,,,,
32:P0058,32,4,P0058,17,,False,,,,,
32:P0059,32,4,P0059,17,,False,,,,,
32:P0060,32,4,P0060,17,,False,,,,,
32:P0061,32,4,P0061,17,,False,,,,,
32:P0062,32,4,P0062,17,,False,,,,,
32:P0063,32,4,P0063,17,,False,,,,,
32:P0064,32,4,P0064,17,,False,,,,,
32:P0065,32,4,P0065,17,,False,,,,,
32:P0066,32,4,P0066,17,,False,,,,,
32:P0067,32,4,P0067,17,,False,,,,,
32:P0068,32,4,P0068,17,,False,,,,,
32:P0069,32,4,P0069,17,,False,,,,,
32:P0070,32,4,P0070,17,,False,,,,,
35:P0107,35,7,P0107,17,,False,,,,,
35:P0108,35,7,P0108,17,,False,,,,,
35:P0109,35,7,P0109,17,,False,,,,,
35:P0110,35,7,P0110,17,,False,,,,,
35:P0111,35,7,P0111,17,,False,,,,,
35:P0112,35,7,P0112,17,,False,,,,,
35:P0113,35,7,P0113,17,,False,,,,,
35:P0114,35,7,P0114,17,,False,,,,,
35:P0115,35,7,P0115,17,,False,,,,,
35:P0116,35,7,P0116,17,,False,,,,,
35:P0117,35,7,P0117,17,,False,,,,,
35:P0118,35,7,P0118,17,,False,,,,,
35:P0119,35,7,P0119,17,,False,,,,,
35:P0120,35,7,P0120,17,,False,,,,,
35:P0121,35,7,P0121,17,,False,,,,,
35:P0122,35,7,P0122,17,,False,,,,,
35:P0123,35,7,P0123,17,,False,,,,,
36:P0001,36,1,P0001,17,,False,,,,,
36:P0002,36,1,P0002,17,,False,,,,,
36:P0003,36,1,P0003,17,,False,,,,,
36:P0004,36,1,P0004,17,,False,,,,,
36:P0005,36,1,P0005,17,,False,,,,,
36:P0006,36,1,P0006,17,,False,,,,,
36:P0007,36,1,P0007,17,,False,,,,,
36:P0008,36,1,P0008,17,,False,,,,,
36:P0009,36,1,P0009,17,,False,,,,,
36:P0010,36,1,P0010,17,,False,,,,,
36:P0011,36,1,P0011,17,,False,,,,,
36:P0012,36,1,P0012,17,,False,,,,,
36:P0013,36,1,P0013,17,,False,,,,,
36:P0014,36,1,P0014,17,,False,,,,,
36:P0015,36,1,P0015,17,,False,,,,,
36:P0016,36,1,P0016,17,,False,,,,,
36:P0017,36,1,P0017,17,,False,,,,,
39:P0054,39,4,P0054,17,,False,,,,,
39:P0055,39,4,P0055,17,,False,,,,,
39:P0056,39,4,P0056,17,,False,,,,,
39:P0057,39,4,P0057,17,,False,,,,,
39:P0058,39,4,P0058,17,,False,,,,,
39:P0059,39,4,P0059,17,,False,,,,,
39:P0060,39,4,P0060,17,,False,,,,,
39:P0061,39,4,P0061,17,,False,,,,,
39:P0062,39,4,P0062,17,,False,,,,,
39:P0063,39,4,P0063,17,,False,,,,,
39:P0064,39,4,P0064,17,,False,,,,,
39:P0065,39,4,P0065,17,,False,,,,,
39:P0066,39,4,P0066,17,,False,,,,,
39:P0067,39,4,P0067,17,,False,,,,,
39:P0068,39,4,P0068,17,,False,,,,,
39:P0069,39,4,P0069,17,,False,,,,,
39:P0070,39,4,P0070,17,,False,,,,,
42:P0107,42,7,P0107,17,,False,,,,,
42:P0108,42,7,P0108,17,,False,,,,,
42:P0109,42,7,P0109,17,,False,,,,,
42:P0110,42,7,P0110,17,,False,,,,,
42:P0111,42,7,P0111,17,,False,,,,,
42:P0112,42,7,P0112,17,,False,,,,,
42:P0113,42,7,P0113,17,,False,,,,,
42:P0114,42,7,P0114,17,,False,,,,,
42:P0115,42,7,P0115,17,,False,,,,,
42:P0116,42,7,P0116,17,,False,,,,,
42:P0117,42,7,P0117,17,,False,,,,,
42:P0118,42,7,P0118,17,,False,,,,,
42:P0119,42,7,P0119,17,,False,,,,,
42:P0120,42,7,P0120,17,,False,,,,,
42:P0121,42,7,P0121,17,,False,,,,,
42:P0122,42,7,P0122,17,,False,,,,,
42:P0123,42,7,P0123,17,,False,,,,,
