source_row,pharmacy_id,location_id,access_mode
6,P0001,L0001,C
7,P0002,L0002,P
8,P0003,L0003,P
10,P0004,L0004,P
11,P0005,L0005,P
12,P0006,L0006,P
13,P0007,L0007,P
14,P0008,L0008,P
15,P0009,L0009,P
16,P0010,L0010,P
17,P0011,L0011,P
18,P0012,L0012,P
19,P0013,L0013,P
20,P0014,L0014,P
21,P0015,L0015,P
22,P0016,L0016,P
23,P0017,L0017,C
26,P0018,L0018,P
27,P0019,L0019,P
28,P0020,L0020,P
30,P0021,L0021,P
31,P0022,L0022,P
32,P0023,L0023,P
33,P0024,L0024,P
34,P0025,L0025,P
35,P0026,L0026,P
36,P0027,L0027,P
37,P0028,L0028,P
38,P0029,L0029,P
39,P0030,L0030,P
40,P0031,L0031,P
41,P0032,L0032,P
42,P0033,L0033,P
43,P0034,L0034,P
44,P0035,L0035,P
47,P0036,L0036,P
48,P0037,L0037,P
49,P0038,L0038,P
51,P0039,L0039,P
52,P0040,L0040,P
53,P0041,L0041,P
54,P0042,L0042,P
55,P0043,L0043,P
56,P0044,L0044,P
57,P0045,L0045,P
58,P0046,L0046,P
59,P0047,L0047,P
60,P0048,L0048,P
61,P0049,L0049,P
62,P0050,L0050,P
63,P0051,L0051,P
64,P0052,L0052,C
65,P0053,L0053,P
68,P0054,L0054,P
69,P0055,L0055,P
70,P0056,L0056,P
72,P0057,L0057,P
73,P0058,L0058,P
74,P0059,L0059,P
75,P0060,L0060,P
76,P0061,L0061,P
77,P0062,L0062,P
78,P0063,L0063,P
79,P0064,L0064,P
80,P0065,L0065,P
81,P0066,L0066,P
82,P0067,L0067,P
83,P0068,L0068,P
84,P0069,L0069,P
85,P0070,L0070,C
88,P0071,L0071,P
89,P0072,L0072,P
90,P0073,L0073,P
92,P0074,L0074,P
93,P0075,L0075,P
94,P0076,L0076,P
95,P0077,L0077,P
96,P0078,L0078,P
97,P0079,L0079,P
98,P0080,L0080,P
99,P0081,L0081,P
100,P0082,L0082,P
101,P0083,L0083,P
102,P0084,L0084,P
103,P0085,L0085,P
104,P0086,L0086,P
105,P0087,L0087,P
106,P0088,L0088,P
109,P0089,L0089,P
110,P0090,L0090,P
111,P0091,L0091,P
113,P0092,L0092,P
114,P0093,L0093,P
115,P0094,L0094,P
116,P0095,L0095,P
117,P0096,L0096,P
118,P0097,L0097,P
119,P0098,L0098,P
120,P0099,L0099,P
121,P0100,L0100,P
122,P0101,L0101,P
123,P0102,L0102,P
124,P0103,L0103,P
125,P0104,L0104,P
126,P0105,L0105,P
127,P0106,L0106,P
130,P0107,L0107,P
131,P0108,L0108,P
132,P0109,L0109,P
134,P0110,L0110,P
135,P0111,L0111,P
136,P0112,L0112,P
137,P0113,L0113,P
138,P0114,L0114,P
139,P0115,L0115,P
140,P0116,L0116,P
141,P0117,L0117,P
142,P0118,L0118,P
143,P0119,L0119,C
144,P0120,L0120,P
145,P0121,L0121,P
146,P0122,L0122,P
147,P0123,L0123,P
150,P0007,L0007,P
151,P0008,L0008,P
152,P0015,L0015,P
154,P0001,L0001,C
155,P0004,L0004,P
156,P0002,L0002,P
157,P0005,L0005,P
158,P0006,L0006,P
159,P0009,L0009,P
160,P0010,L0010,P
161,P0012,L0012,P
162,P0011,L0011,P
163,P0003,L0003,P
164,P0013,L0013,P
165,P0014,L0014,P
166,P0016,L0016,P
167,P0017,L0017,C
170,P0025,L0025,P
171,P0031,L0031,P
172,P0033,L0033,P
174,P0018,L0018,P
175,P0021,L0021,P
176,P0022,L0022,P
177,P0023,L0023,P
178,P0024,L0024,P
179,P0019,L0019,P
180,P0026,L0026,P
181,P0027,L0027,P
182,P0028,L0028,P
183,P0029,L0029,P
184,P0030,L0030,P
185,P0020,L0020,P
186,P0032,L0032,P
187,P0034,L0034,P
188,P0035,L0035,P
191,P0041,L0041,P
192,P0047,L0047,P
193,P0051,L0051,P
195,P0039,L0039,P
196,P0036,L0036,P
197,P0040,L0040,P
198,P0042,L0042,P
199,P0043,L0043,P
200,P0044,L0044,P
201,P0037,L0037,P
202,P0045,L0045,P
203,P0046,L0046,P
204,P0048,L0048,P
205,P0049,L0049,P
206,P0050,L0050,P
207,P0038,L0038,P
208,P0052,L0052,C
209,P0053,L0053,P
212,P0062,L0062,P
213,P0065,L0065,P
214,P0067,L0067,P
216,P0057,L0057,P
217,P0058,L0058,P
218,P0059,L0059,P
219,P0060,L0060,P
220,P0061,L0061,P
221,P0054,L0054,P
222,P0063,L0063,P
223,P0064,L0064,P
224,P0066,L0066,P
225,P0055,L0124,P
226,P0068,L0068,P
227,P0069,L0069,P
228,P0070,L0070,C
229,P0056,L0056,P
232,P0077,L0077,P
233,P0084,L0084,P
234,P0088,L0088,P
236,P0074,L0074,P
237,P0075,L0075,P
238,P0076,L0076,P
239,P0071,L0071,P
240,P0072,L0072,P
241,P0078,L0078,P
242,P0073,L0073,P
243,P0079,L0079,P
244,P0080,L0080,P
245,P0081,L0081,P
246,P0082,L0082,P
247,P0083,L0083,P
248,P0085,L0085,P
249,P0086,L0086,P
250,P0087,L0087,P
253,P0098,L0098,P
254,P0100,L0100,P
255,P0101,L0101,P
257,P0092,L0092,P
258,P0093,L0093,P
259,P0094,L0094,P
260,P0095,L0095,P
261,P0096,L0096,P
262,P0097,L0097,P
263,P0089,L0089,P
264,P0090,L0090,P
265,P0091,L0091,P
266,P0099,L0099,P
267,P0102,L0102,P
268,P0103,L0103,P
269,P0104,L0104,P
270,P0105,L0105,P
271,P0106,L0106,P
274,P0110,L0110,P
275,P0112,L0112,P
276,P0116,L0116,P
278,P0107,L0107,P
279,P0111,L0111,P
280,P0113,L0113,P
281,P0114,L0114,P
282,P0115,L0115,P
283,P0108,L0108,P
284,P0117,L0117,P
285,P0118,L0118,P
286,P0119,L0119,C
287,P0120,L0120,P
288,P0109,L0109,P
289,P0121,L0121,P
290,P0122,L0122,P
291,P0123,L0123,P
294,P0006,L0006,P
295,P0010,L0010,P
296,P0017,L0017,C
298,P0001,L0001,C
299,P0004,L0004,P
300,P0002,L0002,P
301,P0005,L0005,P
302,P0007,L0007,P
303,P0008,L0008,P
304,P0009,L0009,P
305,P0011,L0011,P
306,P0012,L0012,P
307,P0003,L0003,P
308,P0013,L0013,P
309,P0014,L0014,P
310,P0015,L0015,P
311,P0016,L0016,P
314,P0030,L0030,P
315,P0034,L0034,P
316,P0035,L0035,P
318,P0018,L0018,P
319,P0021,L0021,P
320,P0022,L0022,P
321,P0023,L0023,P
322,P0024,L0024,P
323,P0025,L0025,P
324,P0019,L0019,P
325,P0026,L0026,P
326,P0027,L0027,P
327,P0028,L0028,P
328,P0029,L0029,P
329,P0031,L0031,P
330,P0020,L0020,P
331,P0032,L0032,P
332,P0033,L0033,P
335,P0040,L0040,P
336,P0043,L0043,P
337,P0053,L0053,P
339,P0039,L0039,P
340,P0036,L0036,P
341,P0041,L0041,P
342,P0042,L0042,P
343,P0044,L0044,P
344,P0037,L0037,P
345,P0045,L0045,P
346,P0046,L0046,P
347,P0047,L0047,P
348,P0048,L0048,P
349,P0049,L0049,P
350,P0050,L0050,P
351,P0038,L0038,P
352,P0051,L0051,P
353,P0052,L0052,C
356,P0059,L0059,P
357,P0061,L0061,P
358,P0068,L0068,P
360,P0057,L0057,P
361,P0058,L0058,P
362,P0060,L0060,P
363,P0054,L0054,P
364,P0062,L0062,P
365,P0063,L0063,P
366,P0064,L0064,P
367,P0065,L0065,P
368,P0066,L0066,P
369,P0055,L0124,P
370,P0067,L0067,P
371,P0069,L0069,P
372,P0070,L0070,C
373,P0056,L0056,P
376,P0082,L0082,P
377,P0083,L0083,P
378,P0085,L0085,P
380,P0074,L0074,P
381,P0075,L0075,P
382,P0076,L0076,P
383,P0071,L0071,P
384,P0072,L0072,P
385,P0077,L0077,P
386,P0078,L0078,P
387,P0073,L0073,P
388,P0079,L0079,P
389,P0080,L0080,P
390,P0081,L0081,P
391,P0084,L0084,P
392,P0086,L0086,P
393,P0087,L0087,P
394,P0088,L0088,P
397,P0096,L0096,P
398,P0099,L0099,P
399,P0103,L0103,P
401,P0092,L0092,P
402,P0093,L0093,P
403,P0094,L0094,P
404,P0095,L0095,P
405,P0097,L0097,P
406,P0089,L0089,P
407,P0090,L0090,P
408,P0091,L0091,P
409,P0098,L0098,P
410,P0100,L0100,P
411,P0101,L0101,P
412,P0102,L0102,P
413,P0104,L0104,P
414,P0105,L0105,P
415,P0106,L0106,P
418,P0114,L0114,P
419,P0115,L0115,P
420,P0121,L0121,P
422,P0107,L0107,P
423,P0110,L0110,P
424,P0111,L0111,P
425,P0112,L0112,P
426,P0113,L0113,P
427,P0108,L0108,P
428,P0116,L0116,P
429,P0117,L0117,P
430,P0118,L0118,P
431,P0119,L0119,C
432,P0120,L0120,P
433,P0109,L0109,P
434,P0122,L0122,P
435,P0123,L0123,P
438,P0011,L0011,P
439,P0013,L0013,P
440,P0016,L0016,P
442,P0001,L0001,C
443,P0004,L0004,P
444,P0002,L0002,P
445,P0005,L0005,P
446,P0006,L0006,P
447,P0007,L0007,P
448,P0008,L0008,P
449,P0009,L0009,P
450,P0010,L0010,P
451,P0012,L0012,P
452,P0003,L0003,P
453,P0014,L0014,P
454,P0015,L0015,P
455,P0017,L0017,C
458,P0023,L0023,P
459,P0024,L0024,P
460,P0027,L0027,P
462,P0018,L0018,P
463,P0021,L0021,P
464,P0022,L0022,P
465,P0025,L0025,P
466,P0019,L0019,P
467,P0026,L0026,P
468,P0028,L0028,P
469,P0029,L0029,P
470,P0030,L0030,P
471,P0031,L0031,P
472,P0020,L0020,P
473,P0032,L0032,P
474,P0033,L0033,P
475,P0034,L0034,P
476,P0035,L0035,P
479,P0042,L0042,P
480,P0046,L0046,P
481,P0050,L0050,P
483,P0039,L0039,P
484,P0036,L0036,P
485,P0040,L0040,P
486,P0041,L0041,P
487,P0043,L0043,P
488,P0044,L0044,P
489,P0037,L0037,P
490,P0045,L0045,P
491,P0047,L0047,P
492,P0048,L0048,P
493,P0049,L0049,P
494,P0038,L0038,P
495,P0051,L0051,P
496,P0052,L0052,C
497,P0053,L0053,P
500,P0058,L0058,P
501,P0063,L0063,P
502,P0069,L0069,P
504,P0057,L0057,P
505,P0059,L0059,P
506,P0060,L0060,P
507,P0061,L0061,P
508,P0054,L0054,P
509,P0062,L0062,P
510,P0064,L0064,P
511,P0065,L0065,P
512,P0066,L0066,P
513,P0055,L0124,P
514,P0067,L0067,P
515,P0068,L0068,P
516,P0070,L0070,C
517,P0056,L0056,P
520,P0079,L0079,P
521,P0081,L0081,P
522,P0087,L0087,P
524,P0074,L0074,P
525,P0075,L0075,P
526,P0076,L0076,P
527,P0071,L0071,P
528,P0072,L0072,P
529,P0077,L0077,P
530,P0078,L0078,P
531,P0073,L0073,P
532,P0080,L0080,P
533,P0082,L0082,P
534,P0083,L0083,P
535,P0084,L0084,P
536,P0085,L0085,P
537,P0086,L0086,P
538,P0088,L0088,P
541,P0097,L0097,P
542,P0095,L0095,P
543,P0102,L0102,P
545,P0092,L0092,P
546,P0093,L0093,P
547,P0094,L0094,P
548,P0096,L0096,P
549,P0089,L0089,P
550,P0090,L0090,P
551,P0091,L0091,P
552,P0098,L0098,P
553,P0099,L0099,P
554,P0100,L0100,P
555,P0101,L0101,P
556,P0103,L0103,P
557,P0104,L0104,P
558,P0105,L0105,P
559,P0106,L0106,P
562,P0076,L0076,P
563,P0117,L0117,P
564,P0120,L0120,P
566,P0107,L0107,P
567,P0110,L0110,P
568,P0112,L0112,P
569,P0113,L0113,P
570,P0114,L0114,P
571,P0115,L0115,P
572,P0108,L0108,P
573,P0116,L0116,P
574,P0118,L0118,P
575,P0119,L0119,C
576,P0109,L0109,P
577,P0121,L0121,P
578,P0122,L0122,P
579,P0123,L0123,P
582,P0005,L0005,P
583,P0012,L0012,P
584,P0003,L0003,P
586,P0001,L0001,C
587,P0004,L0004,P
588,P0002,L0002,P
589,P0006,L0006,P
590,P0007,L0007,P
591,P0008,L0008,P
592,P0009,L0009,P
593,P0010,L0010,P
594,P0011,L0011,P
595,P0013,L0013,P
596,P0014,L0014,P
597,P0015,L0015,P
598,P0016,L0016,P
599,P0017,L0017,C
602,P0021,L0021,P
603,P0022,L0022,P
604,P0032,L0032,P
606,P0018,L0018,P
607,P0023,L0023,P
608,P0024,L0024,P
609,P0025,L0025,P
610,P0019,L0019,P
611,P0026,L0026,P
612,P0027,L0027,P
613,P0028,L0028,P
614,P0029,L0029,P
615,P0030,L0030,P
616,P0031,L0031,P
617,P0020,L0020,P
618,P0033,L0033,P
619,P0034,L0034,P
620,P0035,L0035,P
623,P0044,L0044,P
624,P0048,L0048,P
625,P0049,L0049,P
627,P0039,L0039,P
628,P0036,L0036,P
629,P0040,L0040,P
630,P0041,L0041,P
631,P0042,L0042,P
632,P0043,L0043,P
633,P0037,L0037,P
634,P0045,L0045,P
635,P0046,L0046,P
636,P0047,L0047,P
637,P0050,L0050,P
638,P0038,L0038,P
639,P0051,L0051,P
640,P0052,L0052,C
641,P0053,L0053,P
644,P0064,L0064,P
645,P0067,L0067,P
646,P0070,L0070,C
648,P0057,L0057,P
649,P0058,L0058,P
650,P0059,L0059,P
651,P0060,L0060,P
652,P0061,L0061,P
653,P0054,L0054,P
654,P0062,L0062,P
655,P0063,L0063,P
656,P0065,L0065,P
657,P0066,L0066,P
658,P0055,L0124,P
659,P0068,L0068,P
660,P0069,L0069,P
661,P0056,L0056,P
664,P0074,L0074,P
665,P0075,L0075,P
666,P0080,L0080,P
668,P0076,L0076,P
669,P0071,L0071,P
670,P0072,L0072,P
671,P0077,L0077,P
672,P0078,L0078,P
673,P0073,L0073,P
674,P0079,L0079,P
675,P0081,L0081,P
676,P0082,L0082,P
677,P0083,L0083,P
678,P0084,L0084,P
679,P0085,L0085,P
680,P0086,L0086,P
681,P0087,L0087,P
682,P0088,L0088,P
685,P0092,L0092,P
686,P0104,L0104,P
687,P0106,L0106,P
689,P0093,L0093,P
690,P0094,L0094,P
691,P0095,L0095,P
692,P0096,L0096,P
693,P0097,L0097,P
694,P0089,L0089,P
695,P0091,L0091,P
696,P0098,L0098,P
697,P0099,L0099,P
698,P0100,L0100,P
699,P0101,L0101,P
700,P0102,L0102,P
701,P0103,L0103,P
702,P0105,L0105,P
703,P0090,L0090,P
706,P0116,L0116,P
707,P0119,L0119,C
708,P0123,L0123,P
710,P0107,L0107,P
711,P0110,L0110,P
712,P0111,L0111,P
713,P0112,L0112,P
714,P0113,L0113,P
715,P0114,L0114,P
716,P0115,L0115,P
717,P0108,L0108,P
718,P0117,L0117,P
719,P0118,L0118,P
720,P0120,L0120,P
721,P0109,L0109,P
722,P0121,L0121,P
723,P0122,L0122,P
726,P0004,L0004,P
727,P0009,L0009,P
728,P0014,L0014,P
730,P0001,L0001,C
731,P0002,L0002,P
732,P0005,L0005,P
733,P0006,L0006,P
734,P0007,L0007,P
735,P0008,L0008,P
736,P0010,L0010,P
737,P0011,L0011,P
738,P0012,L0012,P
739,P0003,L0003,P
740,P0013,L0013,P
741,P0015,L0015,P
742,P0016,L0016,P
743,P0017,L0017,C
746,P0026,L0026,P
747,P0028,L0028,P
748,P0029,L0029,P
750,P0018,L0018,P
751,P0021,L0021,P
752,P0022,L0022,P
753,P0023,L0023,P
754,P0024,L0024,P
755,P0025,L0025,P
756,P0019,L0019,P
757,P0027,L0027,P
758,P0030,L0030,P
759,P0031,L0031,P
760,P0020,L0020,P
761,P0032,L0032,P
762,P0033,L0033,P
763,P0034,L0034,P
764,P0035,L0035,P
767,P0039,L0039,P
768,P0045,L0045,P
769,P0052,L0052,C
771,P0036,L0036,P
772,P0040,L0040,P
773,P0041,L0041,P
774,P0042,L0042,P
775,P0043,L0043,P
776,P0044,L0044,P
777,P0037,L0037,P
778,P0046,L0046,P
779,P0047,L0047,P
780,P0048,L0048,P
781,P0049,L0049,P
782,P0050,L0050,P
783,P0038,L0038,P
784,P0051,L0051,P
785,P0053,L0053,P
788,P0057,L0057,P
789,P0060,L0060,P
790,P0066,L0066,P
792,P0058,L0058,P
793,P0059,L0059,P
794,P0061,L0061,P
795,P0054,L0054,P
796,P0062,L0062,P
797,P0063,L0063,P
798,P0064,L0064,P
799,P0065,L0065,P
800,P0055,L0124,P
801,P0067,L0067,P
802,P0068,L0068,P
803,P0069,L0069,P
804,P0070,L0070,C
805,P0056,L0056,P
808,P0076,L0076,P
809,P0078,L0078,P
810,P0086,L0086,P
812,P0074,L0074,P
813,P0075,L0075,P
814,P0071,L0071,P
815,P0072,L0072,P
816,P0077,L0077,P
817,P0073,L0073,P
818,P0079,L0079,P
819,P0080,L0080,P
820,P0081,L0081,P
821,P0082,L0082,P
822,P0083,L0083,P
823,P0084,L0084,P
824,P0085,L0085,P
825,P0087,L0087,P
826,P0088,L0088,P
829,P0093,L0093,P
830,P0094,L0094,P
831,P0105,L0105,P
833,P0092,L0092,P
834,P0095,L0095,P
835,P0096,L0096,P
836,P0097,L0097,P
837,P0089,L0089,P
838,P0090,L0090,P
839,P0091,L0091,P
840,P0098,L0098,P
841,P0099,L0099,P
842,P0100,L0100,P
843,P0101,L0101,P
844,P0102,L0102,P
845,P0103,L0103,P
846,P0104,L0104,P
847,P0106,L0106,P
850,P0113,L0113,P
851,P0118,L0118,P
852,P0122,L0122,P
854,P0107,L0107,P
855,P0110,L0110,P
856,P0111,L0111,P
857,P0112,L0112,P
858,P0114,L0114,P
859,P0115,L0115,P
860,P0108,L0108,P
861,P0116,L0116,P
862,P0117,L0117,P
863,P0119,L0119,C
864,P0120,L0120,P
865,P0109,L0109,P
866,P0121,L0121,P
867,P0123,L0123,P
870,P0001,L0001,C
871,P0002,L0002,P
872,P0003,L0003,P
874,P0004,L0004,P
875,P0005,L0005,P
876,P0006,L0006,P
877,P0007,L0007,P
878,P0008,L0008,P
879,P0009,L0009,P
880,P0010,L0010,P
881,P0011,L0011,P
882,P0012,L0012,P
883,P0013,L0013,P
884,P0014,L0014,P
885,P0015,L0015,P
886,P0016,L0016,P
887,P0017,L0017,C
890,P0018,L0018,P
891,P0019,L0019,P
892,P0020,L0020,P
894,P0021,L0021,P
895,P0022,L0022,P
896,P0023,L0023,P
897,P0024,L0024,P
898,P0025,L0025,P
899,P0026,L0026,P
900,P0027,L0027,P
901,P0028,L0028,P
902,P0029,L0029,P
903,P0030,L0030,P
904,P0031,L0031,P
905,P0032,L0032,P
906,P0033,L0033,P
907,P0034,L0034,P
908,P0035,L0035,P
911,P0036,L0036,P
912,P0037,L0037,P
913,P0038,L0038,P
915,P0039,L0039,P
916,P0040,L0040,P
917,P0041,L0041,P
918,P0042,L0042,P
919,P0043,L0043,P
920,P0044,L0044,P
921,P0045,L0045,P
922,P0046,L0046,P
923,P0047,L0047,P
924,P0048,L0048,P
925,P0049,L0049,P
926,P0050,L0050,P
927,P0051,L0051,P
928,P0052,L0052,C
929,P0053,L0053,P
932,P0054,L0054,P
933,P0055,L0055,P
934,P0056,L0056,P
936,P0057,L0057,P
937,P0058,L0058,P
938,P0059,L0059,P
939,P0060,L0060,P
940,P0061,L0061,P
941,P0062,L0062,P
942,P0063,L0063,P
943,P0064,L0064,P
944,P0065,L0065,P
945,P0066,L0066,P
946,P0067,L0067,P
947,P0068,L0068,P
948,P0069,L0069,P
949,P0070,L0070,C
952,P0071,L0071,P
953,P0072,L0072,P
954,P0073,L0073,P
956,P0074,L0074,P
957,P0075,L0075,P
958,P0076,L0076,P
959,P0077,L0077,P
960,P0078,L0078,P
961,P0079,L0079,P
962,P0080,L0080,P
963,P0081,L0081,P
964,P0082,L0082,P
965,P0083,L0083,P
966,P0084,L0084,P
967,P0085,L0085,P
968,P0086,L0086,P
969,P0087,L0087,P
970,P0088,L0088,P
973,P0089,L0089,P
974,P0090,L0090,P
975,P0091,L0091,P
977,P0092,L0092,P
978,P0093,L0093,P
979,P0094,L0094,P
980,P0095,L0095,P
981,P0096,L0096,P
982,P0097,L0097,P
983,P0098,L0098,P
984,P0099,L0099,P
985,P0100,L0100,P
986,P0101,L0101,P
987,P0102,L0102,P
988,P0103,L0103,P
989,P0104,L0104,P
990,P0105,L0105,P
991,P0106,L0106,P
994,P0107,L0107,P
995,P0108,L0108,P
996,P0109,L0109,P
998,P0110,L0110,P
999,P0111,L0111,P
1000,P0112,L0112,P
1001,P0113,L0113,P
1002,P0114,L0114,P
1003,P0115,L0115,P
1004,P0116,L0116,P
1005,P0117,L0117,P
1006,P0118,L0118,P
1007,P0119,L0119,C
1008,P0120,L0120,P
1009,P0121,L0121,P
1010,P0122,L0122,P
1011,P0123,L0123,P
1014,P0007,L0007,P
1015,P0008,L0008,P
1016,P0015,L0015,P
1018,P0001,L0001,C
1019,P0004,L0004,P
1020,P0002,L0002,P
1021,P0005,L0005,P
1022,P0006,L0006,P
1023,P0009,L0009,P
1024,P0010,L0010,P
1025,P0012,L0012,P
1026,P0011,L0011,P
1027,P0003,L0003,P
1028,P0013,L0013,P
1029,P0014,L0014,P
1030,P0016,L0016,P
1031,P0017,L0017,C
1034,P0025,L0025,P
1035,P0031,L0031,P
1036,P0033,L0033,P
1038,P0018,L0018,P
1039,P0021,L0021,P
1040,P0022,L0022,P
1041,P0023,L0023,P
1042,P0024,L0024,P
1043,P0019,L0019,P
1044,P0026,L0026,P
1045,P0027,L0027,P
1046,P0028,L0028,P
1047,P0029,L0029,P
1048,P0030,L0030,P
1049,P0020,L0020,P
1050,P0032,L0032,P
1051,P0034,L0034,P
1052,P0035,L0035,P
1055,P0041,L0041,P
1056,P0047,L0047,P
1057,P0051,L0051,P
1059,P0039,L0039,P
1060,P0036,L0036,P
1061,P0040,L0040,P
1062,P0042,L0042,P
1063,P0043,L0043,P
1064,P0044,L0044,P
1065,P0037,L0037,P
1066,P0045,L0045,P
1067,P0046,L0046,P
1068,P0048,L0048,P
1069,P0049,L0049,P
1070,P0050,L0050,P
1071,P0038,L0038,P
1072,P0052,L0052,C
1073,P0053,L0053,P
1076,P0062,L0062,P
1077,P0065,L0065,P
1078,P0067,L0067,P
1080,P0057,L0057,P
1081,P0058,L0058,P
1082,P0059,L0059,P
1083,P0060,L0060,P
1084,P0061,L0061,P
1085,P0054,L0054,P
1086,P0063,L0063,P
1087,P0064,L0064,P
1088,P0066,L0066,P
1089,P0055,L0124,P
1090,P0068,L0068,P
1091,P0069,L0069,P
1092,P0070,L0070,C
1093,P0056,L0056,P
