source_row,week_id,week_start,week_end,nT,rotation_group,rotation_round,pharmacy_id,location_id,shift_type,access_mode
6,2026-W01,2025-12-29,2026-01-05,36,1,6,P0001,L0001,H24,C
7,2026-W01,2025-12-29,2026-01-05,36,1,6,P0002,L0002,H24,P
8,2026-W01,2025-12-29,2026-01-05,36,1,6,P0003,L0003,H24,P
10,2026-W01,2025-12-29,2026-01-05,36,1,6,P0004,L0004,STANDARD,P
11,2026-W01,2025-12-29,2026-01-05,36,1,6,P0005,L0005,STANDARD,P
12,2026-W01,2025-12-29,2026-01-05,36,1,6,P0006,L0006,STANDARD,P
13,2026-W01,2025-12-29,2026-01-05,36,1,6,P0007,L0007,STANDARD,P
14,2026-W01,2025-12-29,2026-01-05,36,1,6,P0008,L0008,STANDARD,P
15,2026-W01,2025-12-29,2026-01-05,36,1,6,P0009,L0009,STANDARD,P
16,2026-W01,2025-12-29,2026-01-05,36,1,6,P0010,L0010,STANDARD,P
17,2026-W01,2025-12-29,2026-01-05,36,1,6,P0011,L0011,STANDARD,P
18,2026-W01,2025-12-29,2026-01-05,36,1,6,P0012,L0012,STANDARD,P
19,2026-W01,2025-12-29,2026-01-05,36,1,6,P0013,L0013,STANDARD,P
20,2026-W01,2025-12-29,2026-01-05,36,1,6,P0014,L0014,STANDARD,P
21,2026-W01,2025-12-29,2026-01-05,36,1,6,P0015,L0015,STANDARD,P
22,2026-W01,2025-12-29,2026-01-05,36,1,6,P0016,L0016,STANDARD,P
23,2026-W01,2025-12-29,2026-01-05,36,1,6,P0017,L0017,STANDARD,C
26,2026-W02,2026-01-05,2026-01-12,37,2,6,P0018,L0018,H24,P
27,2026-W02,2026-01-05,2026-01-12,37,2,6,P0019,L0019,H24,P
28,2026-W02,2026-01-05,2026-01-12,37,2,6,P0020,L0020,H24,P
30,2026-W02,2026-01-05,2026-01-12,37,2,6,P0021,L0021,STANDARD,P
31,2026-W02,2026-01-05,2026-01-12,37,2,6,P0022,L0022,STANDARD,P
32,2026-W02,2026-01-05,2026-01-12,37,2,6,P0023,L0023,STANDARD,P
33,2026-W02,2026-01-05,2026-01-12,37,2,6,P0024,L0024,STANDARD,P
34,2026-W02,2026-01-05,2026-01-12,37,2,6,P0025,L0025,STANDARD,P
35,2026-W02,2026-01-05,2026-01-12,37,2,6,P0026,L0026,STANDARD,P
36,2026-W02,2026-01-05,2026-01-12,37,2,6,P0027,L0027,STANDARD,P
37,2026-W02,2026-01-05,2026-01-12,37,2,6,P0028,L0028,STANDARD,P
38,2026-W02,2026-01-05,2026-01-12,37,2,6,P0029,L0029,STANDARD,P
39,2026-W02,2026-01-05,2026-01-12,37,2,6,P0030,L0030,STANDARD,P
40,2026-W02,2026-01-05,2026-01-12,37,2,6,P0031,L0031,STANDARD,P
41,2026-W02,2026-01-05,2026-01-12,37,2,6,P0032,L0032,STANDARD,P
42,2026-W02,2026-01-05,2026-01-12,37,2,6,P0033,L0033,STANDARD,P
43,2026-W02,2026-01-05,2026-01-12,37,2,6,P0034,L0034,STANDARD,P
44,2026-W02,2026-01-05,2026-01-12,37,2,6,P0035,L0035,STANDARD,P
47,2026-W03,2026-01-12,2026-01-19,38,3,6,P0036,L0036,H24,P
48,2026-W03,2026-01-12,2026-01-19,38,3,6,P0037,L0037,H24,P
49,2026-W03,2026-01-12,2026-01-19,38,3,6,P0038,L0038,H24,P
51,2026-W03,2026-01-12,2026-01-19,38,3,6,P0039,L0039,STANDARD,P
52,2026-W03,2026-01-12,2026-01-19,38,3,6,P0040,L0040,STANDARD,P
53,2026-W03,2026-01-12,2026-01-19,38,3,6,P0041,L0041,STANDARD,P
54,2026-W03,2026-01-12,2026-01-19,38,3,6,P0042,L0042,STANDARD,P
55,2026-W03,2026-01-12,2026-01-19,38,3,6,P0043,L0043,STANDARD,P
56,2026-W03,2026-01-12,2026-01-19,38,3,6,P0044,L0044,STANDARD,P
57,2026-W03,2026-01-12,2026-01-19,38,3,6,P0045,L0045,STANDARD,P
58,2026-W03,2026-01-12,2026-01-19,38,3,6,P0046,L0046,STANDARD,P
59,2026-W03,2026-01-12,2026-01-19,38,3,6,P0047,L0047,STANDARD,P
60,2026-W03,2026-01-12,2026-01-19,38,3,6,P0048,L0048,STANDARD,P
61,2026-W03,2026-01-12,2026-01-19,38,3,6,P0049,L0049,STANDARD,P
62,2026-W03,2026-01-12,2026-01-19,38,3,6,P0050,L0050,STANDARD,P
63,2026-W03,2026-01-12,2026-01-19,38,3,6,P0051,L0051,STANDARD,P
64,2026-W03,2026-01-12,2026-01-19,38,3,6,P0052,L0052,STANDARD,C
65,2026-W03,2026-01-12,2026-01-19,38,3,6,P0053,L0053,STANDARD,P
68,2026-W04,2026-01-19,2026-01-26,39,4,6,P0054,L0054,H24,P
69,2026-W04,2026-01-19,2026-01-26,39,4,6,P0055,L0055,H24,P
70,2026-W04,2026-01-19,2026-01-26,39,4,6,P0056,L0056,H24,P
72,2026-W04,2026-01-19,2026-01-26,39,4,6,P0057,L0057,STANDARD,P
73,2026-W04,2026-01-19,2026-01-26,39,4,6,P0058,L0058,STANDARD,P
74,2026-W04,2026-01-19,2026-01-26,39,4,6,P0059,L0059,STANDARD,P
75,2026-W04,2026-01-19,2026-01-26,39,4,6,P0060,L0060,STANDARD,P
76,2026-W04,2026-01-19,2026-01-26,39,4,6,P0061,L0061,STANDARD,P
77,2026-W04,2026-01-19,2026-01-26,39,4,6,P0062,L0062,STANDARD,P
78,2026-W04,2026-01-19,2026-01-26,39,4,6,P0063,L0063,STANDARD,P
79,2026-W04,2026-01-19,2026-01-26,39,4,6,P0064,L0064,STANDARD,P
80,2026-W04,2026-01-19,2026-01-26,39,4,6,P0065,L0065,STANDARD,P
81,2026-W04,2026-01-19,2026-01-26,39,4,6,P0066,L0066,STANDARD,P
82,2026-W04,2026-01-19,2026-01-26,39,4,6,P0067,L0067,STANDARD,P
83,2026-W04,2026-01-19,2026-01-26,39,4,6,P0068,L0068,STANDARD,P
84,2026-W04,2026-01-19,2026-01-26,39,4,6,P0069,L0069,STANDARD,P
85,2026-W04,2026-01-19,2026-01-26,39,4,6,P0070,L0070,STANDARD,C
88,2026-W05,2026-01-26,2026-02-02,40,5,6,P0071,L0071,H24,P
89,2026-W05,2026-01-26,2026-02-02,40,5,6,P0072,L0072,H24,P
90,2026-W05,2026-01-26,2026-02-02,40,5,6,P0073,L0073,H24,P
92,2026-W05,2026-01-26,2026-02-02,40,5,6,P0074,L0074,STANDARD,P
93,2026-W05,2026-01-26,2026-02-02,40,5,6,P0075,L0075,STANDARD,P
94,2026-W05,2026-01-26,2026-02-02,40,5,6,P0076,L0076,STANDARD,P
95,2026-W05,2026-01-26,2026-02-02,40,5,6,P0077,L0077,STANDARD,P
96,2026-W05,2026-01-26,2026-02-02,40,5,6,P0078,L0078,STANDARD,P
97,2026-W05,2026-01-26,2026-02-02,40,5,6,P0079,L0079,STANDARD,P
98,2026-W05,2026-01-26,2026-02-02,40,5,6,P0080,L0080,STANDARD,P
99,2026-W05,2026-01-26,2026-02-02,40,5,6,P0081,L0081,STANDARD,P
100,2026-W05,2026-01-26,2026-02-02,40,5,6,P0082,L0082,STANDARD,P
101,2026-W05,2026-01-26,2026-02-02,40,5,6,P0083,L0083,STANDARD,P
102,2026-W05,2026-01-26,2026-02-02,40,5,6,P0084,L0084,STANDARD,P
103,2026-W05,2026-01-26,2026-02-02,40,5,6,P0085,L0085,STANDARD,P
104,2026-W05,2026-01-26,2026-02-02,40,5,6,P0086,L0086,STANDARD,P
105,2026-W05,2026-01-26,2026-02-02,40,5,6,P0087,L0087,STANDARD,P
106,2026-W05,2026-01-26,2026-02-02,40,5,6,P0088,L0088,STANDARD,P
109,2026-W06,2026-02-02,2026-02-09,41,6,6,P0089,L0089,H24,P
110,2026-W06,2026-02-02,2026-02-09,41,6,6,P0090,L0090,H24,P
111,2026-W06,2026-02-02,2026-02-09,41,6,6,P0091,L0091,H24,P
113,2026-W06,2026-02-02,2026-02-09,41,6,6,P0092,L0092,STANDARD,P
114,2026-W06,2026-02-02,2026-02-09,41,6,6,P0093,L0093,STANDARD,P
115,2026-W06,2026-02-02,2026-02-09,41,6,6,P0094,L0094,STANDARD,P
116,2026-W06,2026-02-02,2026-02-09,41,6,6,P0095,L0095,STANDARD,P
117,2026-W06,2026-02-02,2026-02-09,41,6,6,P0096,L0096,STANDARD,P
118,2026-W06,2026-02-02,2026-02-09,41,6,6,P0097,L0097,STANDARD,P
119,2026-W06,2026-02-02,2026-02-09,41,6,6,P0098,L0098,STANDARD,P
120,2026-W06,2026-02-02,2026-02-09,41,6,6,P0099,L0099,STANDARD,P
121,2026-W06,2026-02-02,2026-02-09,41,6,6,P0100,L0100,STANDARD,P
122,2026-W06,2026-02-02,2026-02-09,41,6,6,P0101,L0101,STANDARD,P
123,2026-W06,2026-02-02,2026-02-09,41,6,6,P0102,L0102,STANDARD,P
124,2026-W06,2026-02-02,2026-02-09,41,6,6,P0103,L0103,STANDARD,P
125,2026-W06,2026-02-02,2026-02-09,41,6,6,P0104,L0104,STANDARD,P
126,2026-W06,2026-02-02,2026-02-09,41,6,6,P0105,L0105,STANDARD,P
127,2026-W06,2026-02-02,2026-02-09,41,6,6,P0106,L0106,STANDARD,P
130,2026-W07,2026-02-09,2026-02-16,42,7,6,P0107,L0107,H24,P
131,2026-W07,2026-02-09,2026-02-16,42,7,6,P0108,L0108,H24,P
132,2026-W07,2026-02-09,2026-02-16,42,7,6,P0109,L0109,H24,P
134,2026-W07,2026-02-09,2026-02-16,42,7,6,P0110,L0110,STANDARD,P
135,2026-W07,2026-02-09,2026-02-16,42,7,6,P0111,L0111,STANDARD,P
136,2026-W07,2026-02-09,2026-02-16,42,7,6,P0112,L0112,STANDARD,P
137,2026-W07,2026-02-09,2026-02-16,42,7,6,P0113,L0113,STANDARD,P
138,2026-W07,2026-02-09,2026-02-16,42,7,6,P0114,L0114,STANDARD,P
139,2026-W07,2026-02-09,2026-02-16,42,7,6,P0115,L0115,STANDARD,P
140,2026-W07,2026-02-09,2026-02-16,42,7,6,P0116,L0116,STANDARD,P
141,2026-W07,2026-02-09,2026-02-16,42,7,6,P0117,L0117,STANDARD,P
142,2026-W07,2026-02-09,2026-02-16,42,7,6,P0118,L0118,STANDARD,P
143,2026-W07,2026-02-09,2026-02-16,42,7,6,P0119,L0119,STANDARD,C
144,2026-W07,2026-02-09,2026-02-16,42,7,6,P0120,L0120,STANDARD,P
145,2026-W07,2026-02-09,2026-02-16,42,7,6,P0121,L0121,STANDARD,P
146,2026-W07,2026-02-09,2026-02-16,42,7,6,P0122,L0122,STANDARD,P
147,2026-W07,2026-02-09,2026-02-16,42,7,6,P0123,L0123,STANDARD,P
150,2026-W08,2026-02-16,2026-02-23,1,1,1,P0007,L0007,H24,P
151,2026-W08,2026-02-16,2026-02-23,1,1,1,P0008,L0008,H24,P
152,2026-W08,2026-02-16,2026-02-23,1,1,1,P0015,L0015,H24,P
154,2026-W08,2026-02-16,2026-02-23,1,1,1,P0001,L0001,STANDARD,C
155,2026-W08,2026-02-16,2026-02-23,1,1,1,P0004,L0004,STANDARD,P
156,2026-W08,2026-02-16,2026-02-23,1,1,1,P0002,L0002,STANDARD,P
157,2026-W08,2026-02-16,2026-02-23,1,1,1,P0005,L0005,STANDARD,P
158,2026-W08,2026-02-16,2026-02-23,1,1,1,P0006,L0006,STANDARD,P
159,2026-W08,2026-02-16,2026-02-23,1,1,1,P0009,L0009,STANDARD,P
160,2026-W08,2026-02-16,2026-02-23,1,1,1,P0010,L0010,STANDARD,P
161,2026-W08,2026-02-16,2026-02-23,1,1,1,P0012,L0012,STANDARD,P
162,2026-W08,2026-02-16,2026-02-23,1,1,1,P0011,L0011,STANDARD,P
163,2026-W08,2026-02-16,2026-02-23,1,1,1,P0003,L0003,STANDARD,P
164,2026-W08,2026-02-16,2026-02-23,1,1,1,P0013,L0013,STANDARD,P
165,2026-W08,2026-02-16,2026-02-23,1,1,1,P0014,L0014,STANDARD,P
166,2026-W08,2026-02-16,2026-02-23,1,1,1,P0016,L0016,STANDARD,P
167,2026-W08,2026-02-16,2026-02-23,1,1,1,P0017,L0017,STANDARD,C
170,2026-W09,2026-02-23,2026-03-02,2,2,1,P0025,L0025,H24,P
171,2026-W09,2026-02-23,2026-03-02,2,2,1,P0031,L0031,H24,P
172,2026-W09,2026-02-23,2026-03-02,2,2,1,P0033,L0033,H24,P
174,2026-W09,2026-02-23,2026-03-02,2,2,1,P0018,L0018,STANDARD,P
175,2026-W09,2026-02-23,2026-03-02,2,2,1,P0021,L0021,STANDARD,P
176,2026-W09,2026-02-23,2026-03-02,2,2,1,P0022,L0022,STANDARD,P
177,2026-W09,2026-02-23,2026-03-02,2,2,1,P0023,L0023,STANDARD,P
178,2026-W09,2026-02-23,2026-03-02,2,2,1,P0024,L0024,STANDARD,P
179,2026-W09,2026-02-23,2026-03-02,2,2,1,P0019,L0019,STANDARD,P
180,2026-W09,2026-02-23,2026-03-02,2,2,1,P0026,L0026,STANDARD,P
181,2026-W09,2026-02-23,2026-03-02,2,2,1,P0027,L0027,STANDARD,P
182,2026-W09,2026-02-23,2026-03-02,2,2,1,P0028,L0028,STANDARD,P
183,2026-W09,2026-02-23,2026-03-02,2,2,1,P0029,L0029,STANDARD,P
184,2026-W09,2026-02-23,2026-03-02,2,2,1,P0030,L0030,STANDARD,P
185,2026-W09,2026-02-23,2026-03-02,2,2,1,P0020,L0020,STANDARD,P
186,2026-W09,2026-02-23,2026-03-02,2,2,1,P0032,L0032,STANDARD,P
187,2026-W09,2026-02-23,2026-03-02,2,2,1,P0034,L0034,STANDARD,P
188,2026-W09,2026-02-23,2026-03-02,2,2,1,P0035,L0035,STANDARD,P
191,2026-W10,2026-03-02,2026-03-09,3,3,1,P0041,L0041,H24,P
192,2026-W10,2026-03-02,2026-03-09,3,3,1,P0047,L0047,H24,P
193,2026-W10,2026-03-02,2026-03-09,3,3,1,P0051,L0051,H24,P
195,2026-W10,2026-03-02,2026-03-09,3,3,1,P0039,L0039,STANDARD,P
196,2026-W10,2026-03-02,2026-03-09,3,3,1,P0036,L0036,STANDARD,P
197,2026-W10,2026-03-02,2026-03-09,3,3,1,P0040,L0040,STANDARD,P
198,2026-W10,2026-03-02,2026-03-09,3,3,1,P0042,L0042,STANDARD,P
199,2026-W10,2026-03-02,2026-03-09,3,3,1,P0043,L0043,STANDARD,P
200,2026-W10,2026-03-02,2026-03-09,3,3,1,P0044,L0044,STANDARD,P
201,2026-W10,2026-03-02,2026-03-09,3,3,1,P0037,L0037,STANDARD,P
202,2026-W10,2026-03-02,2026-03-09,3,3,1,P0045,L0045,STANDARD,P
203,2026-W10,2026-03-02,2026-03-09,3,3,1,P0046,L0046,STANDARD,P
204,2026-W10,2026-03-02,2026-03-09,3,3,1,P0048,L0048,STANDARD,P
205,2026-W10,2026-03-02,2026-03-09,3,3,1,P0049,L0049,STANDARD,P
206,2026-W10,2026-03-02,2026-03-09,3,3,1,P0050,L0050,STANDARD,P
207,2026-W10,2026-03-02,2026-03-09,3,3,1,P0038,L0038,STANDARD,P
208,2026-W10,2026-03-02,2026-03-09,3,3,1,P0052,L0052,STANDARD,C
209,2026-W10,2026-03-02,2026-03-09,3,3,1,P0053,L0053,STANDARD,P
212,2026-W11,2026-03-09,2026-03-16,4,4,1,P0062,L0062,H24,P
213,2026-W11,2026-03-09,2026-03-16,4,4,1,P0065,L0065,H24,P
214,2026-W11,2026-03-09,2026-03-16,4,4,1,P0067,L0067,H24,P
216,2026-W11,2026-03-09,2026-03-16,4,4,1,P0057,L0057,STANDARD,P
217,2026-W11,2026-03-09,2026-03-16,4,4,1,P0058,L0058,STANDARD,P
218,2026-W11,2026-03-09,2026-03-16,4,4,1,P0059,L0059,STANDARD,P
219,2026-W11,2026-03-09,2026-03-16,4,4,1,P0060,L0060,STANDARD,P
220,2026-W11,2026-03-09,2026-03-16,4,4,1,P0061,L0061,STANDARD,P
221,2026-W11,2026-03-09,2026-03-16,4,4,1,P0054,L0054,STANDARD,P
222,2026-W11,2026-03-09,2026-03-16,4,4,1,P0063,L0063,STANDARD,P
223,2026-W11,2026-03-09,2026-03-16,4,4,1,P0064,L0064,STANDARD,P
224,2026-W11,2026-03-09,2026-03-16,4,4,1,P0066,L0066,STANDARD,P
225,2026-W11,2026-03-09,2026-03-16,4,4,1,P0055,L0124,STANDARD,P
226,2026-W11,2026-03-09,2026-03-16,4,4,1,P0068,L0068,STANDARD,P
227,2026-W11,2026-03-09,2026-03-16,4,4,1,P0069,L0069,STANDARD,P
228,2026-W11,2026-03-09,2026-03-16,4,4,1,P0070,L0070,STANDARD,C
229,2026-W11,2026-03-09,2026-03-16,4,4,1,P0056,L0056,STANDARD,P
232,2026-W12,2026-03-16,2026-03-23,5,5,1,P0077,L0077,H24,P
233,2026-W12,2026-03-16,2026-03-23,5,5,1,P0084,L0084,H24,P
234,2026-W12,2026-03-16,2026-03-23,5,5,1,P0088,L0088,H24,P
236,2026-W12,2026-03-16,2026-03-23,5,5,1,P0074,L0074,STANDARD,P
237,2026-W12,2026-03-16,2026-03-23,5,5,1,P0075,L0075,STANDARD,P
238,2026-W12,2026-03-16,2026-03-23,5,5,1,P0076,L0076,STANDARD,P
239,2026-W12,2026-03-16,2026-03-23,5,5,1,P0071,L0071,STANDARD,P
240,2026-W12,2026-03-16,2026-03-23,5,5,1,P0072,L0072,STANDARD,P
241,2026-W12,2026-03-16,2026-03-23,5,5,1,P0078,L0078,STANDARD,P
242,2026-W12,2026-03-16,2026-03-23,5,5,1,P0073,L0073,STANDARD,P
243,2026-W12,2026-03-16,2026-03-23,5,5,1,P0079,L0079,STANDARD,P
244,2026-W12,2026-03-16,2026-03-23,5,5,1,P0080,L0080,STANDARD,P
245,2026-W12,2026-03-16,2026-03-23,5,5,1,P0081,L0081,STANDARD,P
246,2026-W12,2026-03-16,2026-03-23,5,5,1,P0082,L0082,STANDARD,P
247,2026-W12,2026-03-16,2026-03-23,5,5,1,P0083,L0083,STANDARD,P
248,2026-W12,2026-03-16,2026-03-23,5,5,1,P0085,L0085,STANDARD,P
249,2026-W12,2026-03-16,2026-03-23,5,5,1,P0086,L0086,STANDARD,P
250,2026-W12,2026-03-16,2026-03-23,5,5,1,P0087,L0087,STANDARD,P
253,2026-W13,2026-03-23,2026-03-30,6,6,1,P0098,L0098,H24,P
254,2026-W13,2026-03-23,2026-03-30,6,6,1,P0100,L0100,H24,P
255,2026-W13,2026-03-23,2026-03-30,6,6,1,P0101,L0101,H24,P
257,2026-W13,2026-03-23,2026-03-30,6,6,1,P0092,L0092,STANDARD,P
258,2026-W13,2026-03-23,2026-03-30,6,6,1,P0093,L0093,STANDARD,P
259,2026-W13,2026-03-23,2026-03-30,6,6,1,P0094,L0094,STANDARD,P
260,2026-W13,2026-03-23,2026-03-30,6,6,1,P0095,L0095,STANDARD,P
261,2026-W13,2026-03-23,2026-03-30,6,6,1,P0096,L0096,STANDARD,P
262,2026-W13,2026-03-23,2026-03-30,6,6,1,P0097,L0097,STANDARD,P
263,2026-W13,2026-03-23,2026-03-30,6,6,1,P0089,L0089,STANDARD,P
264,2026-W13,2026-03-23,2026-03-30,6,6,1,P0090,L0090,STANDARD,P
265,2026-W13,2026-03-23,2026-03-30,6,6,1,P0091,L0091,STANDARD,P
266,2026-W13,2026-03-23,2026-03-30,6,6,1,P0099,L0099,STANDARD,P
267,2026-W13,2026-03-23,2026-03-30,6,6,1,P0102,L0102,STANDARD,P
268,2026-W13,2026-03-23,2026-03-30,6,6,1,P0103,L0103,STANDARD,P
269,2026-W13,2026-03-23,2026-03-30,6,6,1,P0104,L0104,STANDARD,P
270,2026-W13,2026-03-23,2026-03-30,6,6,1,P0105,L0105,STANDARD,P
271,2026-W13,2026-03-23,2026-03-30,6,6,1,P0106,L0106,STANDARD,P
274,2026-W14,2026-03-30,2026-04-06,7,7,1,P0110,L0110,H24,P
275,2026-W14,2026-03-30,2026-04-06,7,7,1,P0112,L0112,H24,P
276,2026-W14,2026-03-30,2026-04-06,7,7,1,P0116,L0116,H24,P
278,2026-W14,2026-03-30,2026-04-06,7,7,1,P0107,L0107,STANDARD,P
279,2026-W14,2026-03-30,2026-04-06,7,7,1,P0111,L0111,STANDARD,P
280,2026-W14,2026-03-30,2026-04-06,7,7,1,P0113,L0113,STANDARD,P
281,2026-W14,2026-03-30,2026-04-06,7,7,1,P0114,L0114,STANDARD,P
282,2026-W14,2026-03-30,2026-04-06,7,7,1,P0115,L0115,STANDARD,P
283,2026-W14,2026-03-30,2026-04-06,7,7,1,P0108,L0108,STANDARD,P
284,2026-W14,2026-03-30,2026-04-06,7,7,1,P0117,L0117,STANDARD,P
285,2026-W14,2026-03-30,2026-04-06,7,7,1,P0118,L0118,STANDARD,P
286,2026-W14,2026-03-30,2026-04-06,7,7,1,P0119,L0119,STANDARD,C
287,2026-W14,2026-03-30,2026-04-06,7,7,1,P0120,L0120,STANDARD,P
288,2026-W14,2026-03-30,2026-04-06,7,7,1,P0109,L0109,STANDARD,P
289,2026-W14,2026-03-30,2026-04-06,7,7,1,P0121,L0121,STANDARD,P
290,2026-W14,2026-03-30,2026-04-06,7,7,1,P0122,L0122,STANDARD,P
291,2026-W14,2026-03-30,2026-04-06,7,7,1,P0123,L0123,STANDARD,P
294,2026-W15,2026-04-06,2026-04-13,8,1,2,P0006,L0006,H24,P
295,2026-W15,2026-04-06,2026-04-13,8,1,2,P0010,L0010,H24,P
296,2026-W15,2026-04-06,2026-04-13,8,1,2,P0017,L0017,H24,C
298,2026-W15,2026-04-06,2026-04-13,8,1,2,P0001,L0001,STANDARD,C
299,2026-W15,2026-04-06,2026-04-13,8,1,2,P0004,L0004,STANDARD,P
300,2026-W15,2026-04-06,2026-04-13,8,1,2,P0002,L0002,STANDARD,P
301,2026-W15,2026-04-06,2026-04-13,8,1,2,P0005,L0005,STANDARD,P
302,2026-W15,2026-04-06,2026-04-13,8,1,2,P0007,L0007,STANDARD,P
303,2026-W15,2026-04-06,2026-04-13,8,1,2,P0008,L0008,STANDARD,P
304,2026-W15,2026-04-06,2026-04-13,8,1,2,P0009,L0009,STANDARD,P
305,2026-W15,2026-04-06,2026-04-13,8,1,2,P0011,L0011,STANDARD,P
306,2026-W15,2026-04-06,2026-04-13,8,1,2,P0012,L0012,STANDARD,P
307,2026-W15,2026-04-06,2026-04-13,8,1,2,P0003,L0003,STANDARD,P
308,2026-W15,2026-04-06,2026-04-13,8,1,2,P0013,L0013,STANDARD,P
309,2026-W15,2026-04-06,2026-04-13,8,1,2,P0014,L0014,STANDARD,P
310,2026-W15,2026-04-06,2026-04-13,8,1,2,P0015,L0015,STANDARD,P
311,2026-W15,2026-04-06,2026-04-13,8,1,2,P0016,L0016,STANDARD,P
314,2026-W16,2026-04-13,2026-04-20,9,2,2,P0030,L0030,H24,P
315,2026-W16,2026-04-13,2026-04-20,9,2,2,P0034,L0034,H24,P
316,2026-W16,2026-04-13,2026-04-20,9,2,2,P0035,L0035,H24,P
318,2026-W16,2026-04-13,2026-04-20,9,2,2,P0018,L0018,STANDARD,P
319,2026-W16,2026-04-13,2026-04-20,9,2,2,P0021,L0021,STANDARD,P
320,2026-W16,2026-04-13,2026-04-20,9,2,2,P0022,L0022,STANDARD,P
321,2026-W16,2026-04-13,2026-04-20,9,2,2,P0023,L0023,STANDARD,P
322,2026-W16,2026-04-13,2026-04-20,9,2,2,P0024,L0024,STANDARD,P
323,2026-W16,2026-04-13,2026-04-20,9,2,2,P0025,L0025,STANDARD,P
324,2026-W16,2026-04-13,2026-04-20,9,2,2,P0019,L0019,STANDARD,P
325,2026-W16,2026-04-13,2026-04-20,9,2,2,P0026,L0026,STANDARD,P
326,2026-W16,2026-04-13,2026-04-20,9,2,2,P0027,L0027,STANDARD,P
327,2026-W16,2026-04-13,2026-04-20,9,2,2,P0028,L0028,STANDARD,P
328,2026-W16,2026-04-13,2026-04-20,9,2,2,P0029,L0029,STANDARD,P
329,2026-W16,2026-04-13,2026-04-20,9,2,2,P0031,L0031,STANDARD,P
330,2026-W16,2026-04-13,2026-04-20,9,2,2,P0020,L0020,STANDARD,P
331,2026-W16,2026-04-13,2026-04-20,9,2,2,P0032,L0032,STANDARD,P
332,2026-W16,2026-04-13,2026-04-20,9,2,2,P0033,L0033,STANDARD,P
335,2026-W17,2026-04-20,2026-04-27,10,3,2,P0040,L0040,H24,P
336,2026-W17,2026-04-20,2026-04-27,10,3,2,P0043,L0043,H24,P
337,2026-W17,2026-04-20,2026-04-27,10,3,2,P0053,L0053,H24,P
339,2026-W17,2026-04-20,2026-04-27,10,3,2,P0039,L0039,STANDARD,P
340,2026-W17,2026-04-20,2026-04-27,10,3,2,P0036,L0036,STANDARD,P
341,2026-W17,2026-04-20,2026-04-27,10,3,2,P0041,L0041,STANDARD,P
342,2026-W17,2026-04-20,2026-04-27,10,3,2,P0042,L0042,STANDARD,P
343,2026-W17,2026-04-20,2026-04-27,10,3,2,P0044,L0044,STANDARD,P
344,2026-W17,2026-04-20,2026-04-27,10,3,2,P0037,L0037,STANDARD,P
345,2026-W17,2026-04-20,2026-04-27,10,3,2,P0045,L0045,STANDARD,P
346,2026-W17,2026-04-20,2026-04-27,10,3,2,P0046,L0046,STANDARD,P
347,2026-W17,2026-04-20,2026-04-27,10,3,2,P0047,L0047,STANDARD,P
348,2026-W17,2026-04-20,2026-04-27,10,3,2,P0048,L0048,STANDARD,P
349,2026-W17,2026-04-20,2026-04-27,10,3,2,P0049,L0049,STANDARD,P
350,2026-W17,2026-04-20,2026-04-27,10,3,2,P0050,L0050,STANDARD,P
351,2026-W17,2026-04-20,2026-04-27,10,3,2,P0038,L0038,STANDARD,P
352,2026-W17,2026-04-20,2026-04-27,10,3,2,P0051,L0051,STANDARD,P
353,2026-W17,2026-04-20,2026-04-27,10,3,2,P0052,L0052,STANDARD,C
356,2026-W18,2026-04-27,2026-05-04,11,4,2,P0059,L0059,H24,P
357,2026-W18,2026-04-27,2026-05-04,11,4,2,P0061,L0061,H24,P
358,2026-W18,2026-04-27,2026-05-04,11,4,2,P0068,L0068,H24,P
360,2026-W18,2026-04-27,2026-05-04,11,4,2,P0057,L0057,STANDARD,P
361,2026-W18,2026-04-27,2026-05-04,11,4,2,P0058,L0058,STANDARD,P
362,2026-W18,2026-04-27,2026-05-04,11,4,2,P0060,L0060,STANDARD,P
363,2026-W18,2026-04-27,2026-05-04,11,4,2,P0054,L0054,STANDARD,P
364,2026-W18,2026-04-27,2026-05-04,11,4,2,P0062,L0062,STANDARD,P
365,2026-W18,2026-04-27,2026-05-04,11,4,2,P0063,L0063,STANDARD,P
366,2026-W18,2026-04-27,2026-05-04,11,4,2,P0064,L0064,STANDARD,P
367,2026-W18,2026-04-27,2026-05-04,11,4,2,P0065,L0065,STANDARD,P
368,2026-W18,2026-04-27,2026-05-04,11,4,2,P0066,L0066,STANDARD,P
369,2026-W18,2026-04-27,2026-05-04,11,4,2,P0055,L0124,STANDARD,P
370,2026-W18,2026-04-27,2026-05-04,11,4,2,P0067,L0067,STANDARD,P
371,2026-W18,2026-04-27,2026-05-04,11,4,2,P0069,L0069,STANDARD,P
372,2026-W18,2026-04-27,2026-05-04,11,4,2,P0070,L0070,STANDARD,C
373,2026-W18,2026-04-27,2026-05-04,11,4,2,P0056,L0056,STANDARD,P
376,2026-W19,2026-05-04,2026-05-11,12,5,2,P0082,L0082,H24,P
377,2026-W19,2026-05-04,2026-05-11,12,5,2,P0083,L0083,H24,P
378,2026-W19,2026-05-04,2026-05-11,12,5,2,P0085,L0085,H24,P
380,2026-W19,2026-05-04,2026-05-11,12,5,2,P0074,L0074,STANDARD,P
381,2026-W19,2026-05-04,2026-05-11,12,5,2,P0075,L0075,STANDARD,P
382,2026-W19,2026-05-04,2026-05-11,12,5,2,P0076,L0076,STANDARD,P
383,2026-W19,2026-05-04,2026-05-11,12,5,2,P0071,L0071,STANDARD,P
384,2026-W19,2026-05-04,2026-05-11,12,5,2,P0072,L0072,STANDARD,P
385,2026-W19,2026-05-04,2026-05-11,12,5,2,P0077,L0077,STANDARD,P
386,2026-W19,2026-05-04,2026-05-11,12,5,2,P0078,L0078,STANDARD,P
387,2026-W19,2026-05-04,2026-05-11,12,5,2,P0073,L0073,STANDARD,P
388,2026-W19,2026-05-04,2026-05-11,12,5,2,P0079,L0079,STANDARD,P
389,2026-W19,2026-05-04,2026-05-11,12,5,2,P0080,L0080,STANDARD,P
390,2026-W19,2026-05-04,2026-05-11,12,5,2,P0081,L0081,STANDARD,P
391,2026-W19,2026-05-04,2026-05-11,12,5,2,P0084,L0084,STANDARD,P
392,2026-W19,2026-05-04,2026-05-11,12,5,2,P0086,L0086,STANDARD,P
393,2026-W19,2026-05-04,2026-05-11,12,5,2,P0087,L0087,STANDARD,P
394,2026-W19,2026-05-04,2026-05-11,12,5,2,P0088,L0088,STANDARD,P
397,2026-W20,2026-05-11,2026-05-18,13,6,2,P0096,L0096,H24,P
398,2026-W20,2026-05-11,2026-05-18,13,6,2,P0099,L0099,H24,P
399,2026-W20,2026-05-11,2026-05-18,13,6,2,P0103,L0103,H24,P
401,2026-W20,2026-05-11,2026-05-18,13,6,2,P0092,L0092,STANDARD,P
402,2026-W20,2026-05-11,2026-05-18,13,6,2,P0093,L0093,STANDARD,P
403,2026-W20,2026-05-11,2026-05-18,13,6,2,P0094,L0094,STANDARD,P
404,2026-W20,2026-05-11,2026-05-18,13,6,2,P0095,L0095,STANDARD,P
405,2026-W20,2026-05-11,2026-05-18,13,6,2,P0097,L0097,STANDARD,P
406,2026-W20,2026-05-11,2026-05-18,13,6,2,P0089,L0089,STANDARD,P
407,2026-W20,2026-05-11,2026-05-18,13,6,2,P0090,L0090,STANDARD,P
408,2026-W20,2026-05-11,2026-05-18,13,6,2,P0091,L0091,STANDARD,P
409,2026-W20,2026-05-11,2026-05-18,13,6,2,P0098,L0098,STANDARD,P
410,2026-W20,2026-05-11,2026-05-18,13,6,2,P0100,L0100,STANDARD,P
411,2026-W20,2026-05-11,2026-05-18,13,6,2,P0101,L0101,STANDARD,P
412,2026-W20,2026-05-11,2026-05-18,13,6,2,P0102,L0102,STANDARD,P
413,2026-W20,2026-05-11,2026-05-18,13,6,2,P0104,L0104,STANDARD,P
414,2026-W20,2026-05-11,2026-05-18,13,6,2,P0105,L0105,STANDARD,P
415,2026-W20,2026-05-11,2026-05-18,13,6,2,P0106,L0106,STANDARD,P
418,2026-W21,2026-05-18,2026-05-25,14,7,2,P0114,L0114,H24,P
419,2026-W21,2026-05-18,2026-05-25,14,7,2,P0115,L0115,H24,P
420,2026-W21,2026-05-18,2026-05-25,14,7,2,P0121,L0121,H24,P
422,2026-W21,2026-05-18,2026-05-25,14,7,2,P0107,L0107,STANDARD,P
423,2026-W21,2026-05-18,2026-05-25,14,7,2,P0110,L0110,STANDARD,P
424,2026-W21,2026-05-18,2026-05-25,14,7,2,P0111,L0111,STANDARD,P
425,2026-W21,2026-05-18,2026-05-25,14,7,2,P0112,L0112,STANDARD,P
426,2026-W21,2026-05-18,2026-05-25,14,7,2,P0113,L0113,STANDARD,P
427,2026-W21,2026-05-18,2026-05-25,14,7,2,P0108,L0108,STANDARD,P
428,2026-W21,2026-05-18,2026-05-25,14,7,2,P0116,L0116,STANDARD,P
429,2026-W21,2026-05-18,2026-05-25,14,7,2,P0117,L0117,STANDARD,P
430,2026-W21,2026-05-18,2026-05-25,14,7,2,P0118,L0118,STANDARD,P
431,2026-W21,2026-05-18,2026-05-25,14,7,2,P0119,L0119,STANDARD,C
432,2026-W21,2026-05-18,2026-05-25,14,7,2,P0120,L0120,STANDARD,P
433,2026-W21,2026-05-18,2026-05-25,14,7,2,P0109,L0109,STANDARD,P
434,2026-W21,2026-05-18,2026-05-25,14,7,2,P0122,L0122,STANDARD,P
435,2026-W21,2026-05-18,2026-05-25,14,7,2,P0123,L0123,STANDARD,P
438,2026-W22,2026-05-25,2026-06-01,15,1,3,P0011,L0011,H24,P
439,2026-W22,2026-05-25,2026-06-01,15,1,3,P0013,L0013,H24,P
440,2026-W22,2026-05-25,2026-06-01,15,1,3,P0016,L0016,H24,P
442,2026-W22,2026-05-25,2026-06-01,15,1,3,P0001,L0001,STANDARD,C
443,2026-W22,2026-05-25,2026-06-01,15,1,3,P0004,L0004,STANDARD,P
444,2026-W22,2026-05-25,2026-06-01,15,1,3,P0002,L0002,STANDARD,P
445,2026-W22,2026-05-25,2026-06-01,15,1,3,P0005,L0005,STANDARD,P
446,2026-W22,2026-05-25,2026-06-01,15,1,3,P0006,L0006,STANDARD,P
447,2026-W22,2026-05-25,2026-06-01,15,1,3,P0007,L0007,STANDARD,P
448,2026-W22,2026-05-25,2026-06-01,15,1,3,P0008,L0008,STANDARD,P
449,2026-W22,2026-05-25,2026-06-01,15,1,3,P0009,L0009,STANDARD,P
450,2026-W22,2026-05-25,2026-06-01,15,1,3,P0010,L0010,STANDARD,P
451,2026-W22,2026-05-25,2026-06-01,15,1,3,P0012,L0012,STANDARD,P
452,2026-W22,2026-05-25,2026-06-01,15,1,3,P0003,L0003,STANDARD,P
453,2026-W22,2026-05-25,2026-06-01,15,1,3,P0014,L0014,STANDARD,P
454,2026-W22,2026-05-25,2026-06-01,15,1,3,P0015,L0015,STANDARD,P
455,2026-W22,2026-05-25,2026-06-01,15,1,3,P0017,L0017,STANDARD,C
458,2026-W23,2026-06-01,2026-06-08,16,2,3,P0023,L0023,H24,P
459,2026-W23,2026-06-01,2026-06-08,16,2,3,P0024,L0024,H24,P
460,2026-W23,2026-06-01,2026-06-08,16,2,3,P0027,L0027,H24,P
462,2026-W23,2026-06-01,2026-06-08,16,2,3,P0018,L0018,STANDARD,P
463,2026-W23,2026-06-01,2026-06-08,16,2,3,P0021,L0021,STANDARD,P
464,2026-W23,2026-06-01,2026-06-08,16,2,3,P0022,L0022,STANDARD,P
465,2026-W23,2026-06-01,2026-06-08,16,2,3,P0025,L0025,STANDARD,P
466,2026-W23,2026-06-01,2026-06-08,16,2,3,P0019,L0019,STANDARD,P
467,2026-W23,2026-06-01,2026-06-08,16,2,3,P0026,L0026,STANDARD,P
468,2026-W23,2026-06-01,2026-06-08,16,2,3,P0028,L0028,STANDARD,P
469,2026-W23,2026-06-01,2026-06-08,16,2,3,P0029,L0029,STANDARD,P
470,2026-W23,2026-06-01,2026-06-08,16,2,3,P0030,L0030,STANDARD,P
471,2026-W23,2026-06-01,2026-06-08,16,2,3,P0031,L0031,STANDARD,P
472,2026-W23,2026-06-01,2026-06-08,16,2,3,P0020,L0020,STANDARD,P
473,2026-W23,2026-06-01,2026-06-08,16,2,3,P0032,L0032,STANDARD,P
474,2026-W23,2026-06-01,2026-06-08,16,2,3,P0033,L0033,STANDARD,P
475,2026-W23,2026-06-01,2026-06-08,16,2,3,P0034,L0034,STANDARD,P
476,2026-W23,2026-06-01,2026-06-08,16,2,3,P0035,L0035,STANDARD,P
479,2026-W24,2026-06-08,2026-06-15,17,3,3,P0042,L0042,H24,P
480,2026-W24,2026-06-08,2026-06-15,17,3,3,P0046,L0046,H24,P
481,2026-W24,2026-06-08,2026-06-15,17,3,3,P0050,L0050,H24,P
483,2026-W24,2026-06-08,2026-06-15,17,3,3,P0039,L0039,STANDARD,P
484,2026-W24,2026-06-08,2026-06-15,17,3,3,P0036,L0036,STANDARD,P
485,2026-W24,2026-06-08,2026-06-15,17,3,3,P0040,L0040,STANDARD,P
486,2026-W24,2026-06-08,2026-06-15,17,3,3,P0041,L0041,STANDARD,P
487,2026-W24,2026-06-08,2026-06-15,17,3,3,P0043,L0043,STANDARD,P
488,2026-W24,2026-06-08,2026-06-15,17,3,3,P0044,L0044,STANDARD,P
489,2026-W24,2026-06-08,2026-06-15,17,3,3,P0037,L0037,STANDARD,P
490,2026-W24,2026-06-08,2026-06-15,17,3,3,P0045,L0045,STANDARD,P
491,2026-W24,2026-06-08,2026-06-15,17,3,3,P0047,L0047,STANDARD,P
492,2026-W24,2026-06-08,2026-06-15,17,3,3,P0048,L0048,STANDARD,P
493,2026-W24,2026-06-08,2026-06-15,17,3,3,P0049,L0049,STANDARD,P
494,2026-W24,2026-06-08,2026-06-15,17,3,3,P0038,L0038,STANDARD,P
495,2026-W24,2026-06-08,2026-06-15,17,3,3,P0051,L0051,STANDARD,P
496,2026-W24,2026-06-08,2026-06-15,17,3,3,P0052,L0052,STANDARD,C
497,2026-W24,2026-06-08,2026-06-15,17,3,3,P0053,L0053,STANDARD,P
500,2026-W25,2026-06-15,2026-06-22,18,4,3,P0058,L0058,H24,P
501,2026-W25,2026-06-15,2026-06-22,18,4,3,P0063,L0063,H24,P
502,2026-W25,2026-06-15,2026-06-22,18,4,3,P0069,L0069,H24,P
504,2026-W25,2026-06-15,2026-06-22,18,4,3,P0057,L0057,STANDARD,P
505,2026-W25,2026-06-15,2026-06-22,18,4,3,P0059,L0059,STANDARD,P
506,2026-W25,2026-06-15,2026-06-22,18,4,3,P0060,L0060,STANDARD,P
507,2026-W25,2026-06-15,2026-06-22,18,4,3,P0061,L0061,STANDARD,P
508,2026-W25,2026-06-15,2026-06-22,18,4,3,P0054,L0054,STANDARD,P
509,2026-W25,2026-06-15,2026-06-22,18,4,3,P0062,L0062,STANDARD,P
510,2026-W25,2026-06-15,2026-06-22,18,4,3,P0064,L0064,STANDARD,P
511,2026-W25,2026-06-15,2026-06-22,18,4,3,P0065,L0065,STANDARD,P
512,2026-W25,2026-06-15,2026-06-22,18,4,3,P0066,L0066,STANDARD,P
513,2026-W25,2026-06-15,2026-06-22,18,4,3,P0055,L0124,STANDARD,P
514,2026-W25,2026-06-15,2026-06-22,18,4,3,P0067,L0067,STANDARD,P
515,2026-W25,2026-06-15,2026-06-22,18,4,3,P0068,L0068,STANDARD,P
516,2026-W25,2026-06-15,2026-06-22,18,4,3,P0070,L0070,STANDARD,C
517,2026-W25,2026-06-15,2026-06-22,18,4,3,P0056,L0056,STANDARD,P
520,2026-W26,2026-06-22,2026-06-29,19,5,3,P0079,L0079,H24,P
521,2026-W26,2026-06-22,2026-06-29,19,5,3,P0081,L0081,H24,P
522,2026-W26,2026-06-22,2026-06-29,19,5,3,P0087,L0087,H24,P
524,2026-W26,2026-06-22,2026-06-29,19,5,3,P0074,L0074,STANDARD,P
525,2026-W26,2026-06-22,2026-06-29,19,5,3,P0075,L0075,STANDARD,P
526,2026-W26,2026-06-22,2026-06-29,19,5,3,P0076,L0076,STANDARD,P
527,2026-W26,2026-06-22,2026-06-29,19,5,3,P0071,L0071,STANDARD,P
528,2026-W26,2026-06-22,2026-06-29,19,5,3,P0072,L0072,STANDARD,P
529,2026-W26,2026-06-22,2026-06-29,19,5,3,P0077,L0077,STANDARD,P
530,2026-W26,2026-06-22,2026-06-29,19,5,3,P0078,L0078,STANDARD,P
531,2026-W26,2026-06-22,2026-06-29,19,5,3,P0073,L0073,STANDARD,P
532,2026-W26,2026-06-22,2026-06-29,19,5,3,P0080,L0080,STANDARD,P
533,2026-W26,2026-06-22,2026-06-29,19,5,3,P0082,L0082,STANDARD,P
534,2026-W26,2026-06-22,2026-06-29,19,5,3,P0083,L0083,STANDARD,P
535,2026-W26,2026-06-22,2026-06-29,19,5,3,P0084,L0084,STANDARD,P
536,2026-W26,2026-06-22,2026-06-29,19,5,3,P0085,L0085,STANDARD,P
537,2026-W26,2026-06-22,2026-06-29,19,5,3,P0086,L0086,STANDARD,P
538,2026-W26,2026-06-22,2026-06-29,19,5,3,P0088,L0088,STANDARD,P
541,2026-W27,2026-06-29,2026-07-06,20,6,3,P0097,L0097,H24,P
542,2026-W27,2026-06-29,2026-07-06,20,6,3,P0095,L0095,H24,P
543,2026-W27,2026-06-29,2026-07-06,20,6,3,P0102,L0102,H24,P
545,2026-W27,2026-06-29,2026-07-06,20,6,3,P0092,L0092,STANDARD,P
546,2026-W27,2026-06-29,2026-07-06,20,6,3,P0093,L0093,STANDARD,P
547,2026-W27,2026-06-29,2026-07-06,20,6,3,P0094,L0094,STANDARD,P
548,2026-W27,2026-06-29,2026-07-06,20,6,3,P0096,L0096,STANDARD,P
549,2026-W27,2026-06-29,2026-07-06,20,6,3,P0089,L0089,STANDARD,P
550,2026-W27,2026-06-29,2026-07-06,20,6,3,P0090,L0090,STANDARD,P
551,2026-W27,2026-06-29,2026-07-06,20,6,3,P0091,L0091,STANDARD,P
552,2026-W27,2026-06-29,2026-07-06,20,6,3,P0098,L0098,STANDARD,P
553,2026-W27,2026-06-29,2026-07-06,20,6,3,P0099,L0099,STANDARD,P
554,2026-W27,2026-06-29,2026-07-06,20,6,3,P0100,L0100,STANDARD,P
555,2026-W27,2026-06-29,2026-07-06,20,6,3,P0101,L0101,STANDARD,P
556,2026-W27,2026-06-29,2026-07-06,20,6,3,P0103,L0103,STANDARD,P
557,2026-W27,2026-06-29,2026-07-06,20,6,3,P0104,L0104,STANDARD,P
558,2026-W27,2026-06-29,2026-07-06,20,6,3,P0105,L0105,STANDARD,P
559,2026-W27,2026-06-29,2026-07-06,20,6,3,P0106,L0106,STANDARD,P
562,2026-W28,2026-07-06,2026-07-13,21,7,3,P0076,L0076,H24,P
563,2026-W28,2026-07-06,2026-07-13,21,7,3,P0117,L0117,H24,P
564,2026-W28,2026-07-06,2026-07-13,21,7,3,P0120,L0120,H24,P
566,2026-W28,2026-07-06,2026-07-13,21,7,3,P0107,L0107,STANDARD,P
567,2026-W28,2026-07-06,2026-07-13,21,7,3,P0110,L0110,STANDARD,P
568,2026-W28,2026-07-06,2026-07-13,21,7,3,P0112,L0112,STANDARD,P
569,2026-W28,2026-07-06,2026-07-13,21,7,3,P0113,L0113,STANDARD,P
570,2026-W28,2026-07-06,2026-07-13,21,7,3,P0114,L0114,STANDARD,P
571,2026-W28,2026-07-06,2026-07-13,21,7,3,P0115,L0115,STANDARD,P
572,2026-W28,2026-07-06,2026-07-13,21,7,3,P0108,L0108,STANDARD,P
573,2026-W28,2026-07-06,2026-07-13,21,7,3,P0116,L0116,STANDARD,P
574,2026-W28,2026-07-06,2026-07-13,21,7,3,P0118,L0118,STANDARD,P
575,2026-W28,2026-07-06,2026-07-13,21,7,3,P0119,L0119,STANDARD,C
576,2026-W28,2026-07-06,2026-07-13,21,7,3,P0109,L0109,STANDARD,P
577,2026-W28,2026-07-06,2026-07-13,21,7,3,P0121,L0121,STANDARD,P
578,2026-W28,2026-07-06,2026-07-13,21,7,3,P0122,L0122,STANDARD,P
579,2026-W28,2026-07-06,2026-07-13,21,7,3,P0123,L0123,STANDARD,P
582,2026-W29,2026-07-13,2026-07-20,22,1,4,P0005,L0005,H24,P
583,2026-W29,2026-07-13,2026-07-20,22,1,4,P0012,L0012,H24,P
584,2026-W29,2026-07-13,2026-07-20,22,1,4,P0003,L0003,H24,P
586,2026-W29,2026-07-13,2026-07-20,22,1,4,P0001,L0001,STANDARD,C
587,2026-W29,2026-07-13,2026-07-20,22,1,4,P0004,L0004,STANDARD,P
588,2026-W29,2026-07-13,2026-07-20,22,1,4,P0002,L0002,STANDARD,P
589,2026-W29,2026-07-13,2026-07-20,22,1,4,P0006,L0006,STANDARD,P
590,2026-W29,2026-07-13,2026-07-20,22,1,4,P0007,L0007,STANDARD,P
591,2026-W29,2026-07-13,2026-07-20,22,1,4,P0008,L0008,STANDARD,P
592,2026-W29,2026-07-13,2026-07-20,22,1,4,P0009,L0009,STANDARD,P
593,2026-W29,2026-07-13,2026-07-20,22,1,4,P0010,L0010,STANDARD,P
594,2026-W29,2026-07-13,2026-07-20,22,1,4,P0011,L0011,STANDARD,P
595,2026-W29,2026-07-13,2026-07-20,22,1,4,P0013,L0013,STANDARD,P
596,2026-W29,2026-07-13,2026-07-20,22,1,4,P0014,L0014,STANDARD,P
597,2026-W29,2026-07-13,2026-07-20,22,1,4,P0015,L0015,STANDARD,P
598,2026-W29,2026-07-13,2026-07-20,22,1,4,P0016,L0016,STANDARD,P
599,2026-W29,2026-07-13,2026-07-20,22,1,4,P0017,L0017,STANDARD,C
602,2026-W30,2026-07-20,2026-07-27,23,2,4,P0021,L0021,H24,P
603,2026-W30,2026-07-20,2026-07-27,23,2,4,P0022,L0022,H24,P
604,2026-W30,2026-07-20,2026-07-27,23,2,4,P0032,L0032,H24,P
606,2026-W30,2026-07-20,2026-07-27,23,2,4,P0018,L0018,STANDARD,P
607,2026-W30,2026-07-20,2026-07-27,23,2,4,P0023,L0023,STANDARD,P
608,2026-W30,2026-07-20,2026-07-27,23,2,4,P0024,L0024,STANDARD,P
609,2026-W30,2026-07-20,2026-07-27,23,2,4,P0025,L0025,STANDARD,P
610,2026-W30,2026-07-20,2026-07-27,23,2,4,P0019,L0019,STANDARD,P
611,2026-W30,2026-07-20,2026-07-27,23,2,4,P0026,L0026,STANDARD,P
612,2026-W30,2026-07-20,2026-07-27,23,2,4,P0027,L0027,STANDARD,P
613,2026-W30,2026-07-20,2026-07-27,23,2,4,P0028,L0028,STANDARD,P
614,2026-W30,2026-07-20,2026-07-27,23,2,4,P0029,L0029,STANDARD,P
615,2026-W30,2026-07-20,2026-07-27,23,2,4,P0030,L0030,STANDARD,P
616,2026-W30,2026-07-20,2026-07-27,23,2,4,P0031,L0031,STANDARD,P
617,2026-W30,2026-07-20,2026-07-27,23,2,4,P0020,L0020,STANDARD,P
618,2026-W30,2026-07-20,2026-07-27,23,2,4,P0033,L0033,STANDARD,P
619,2026-W30,2026-07-20,2026-07-27,23,2,4,P0034,L0034,STANDARD,P
620,2026-W30,2026-07-20,2026-07-27,23,2,4,P0035,L0035,STANDARD,P
623,2026-W31,2026-07-27,2026-08-03,24,3,4,P0044,L0044,H24,P
624,2026-W31,2026-07-27,2026-08-03,24,3,4,P0048,L0048,H24,P
625,2026-W31,2026-07-27,2026-08-03,24,3,4,P0049,L0049,H24,P
627,2026-W31,2026-07-27,2026-08-03,24,3,4,P0039,L0039,STANDARD,P
628,2026-W31,2026-07-27,2026-08-03,24,3,4,P0036,L0036,STANDARD,P
629,2026-W31,2026-07-27,2026-08-03,24,3,4,P0040,L0040,STANDARD,P
630,2026-W31,2026-07-27,2026-08-03,24,3,4,P0041,L0041,STANDARD,P
631,2026-W31,2026-07-27,2026-08-03,24,3,4,P0042,L0042,STANDARD,P
632,2026-W31,2026-07-27,2026-08-03,24,3,4,P0043,L0043,STANDARD,P
633,2026-W31,2026-07-27,2026-08-03,24,3,4,P0037,L0037,STANDARD,P
634,2026-W31,2026-07-27,2026-08-03,24,3,4,P0045,L0045,STANDARD,P
635,2026-W31,2026-07-27,2026-08-03,24,3,4,P0046,L0046,STANDARD,P
636,2026-W31,2026-07-27,2026-08-03,24,3,4,P0047,L0047,STANDARD,P
637,2026-W31,2026-07-27,2026-08-03,24,3,4,P0050,L0050,STANDARD,P
638,2026-W31,2026-07-27,2026-08-03,24,3,4,P0038,L0038,STANDARD,P
639,2026-W31,2026-07-27,2026-08-03,24,3,4,P0051,L0051,STANDARD,P
640,2026-W31,2026-07-27,2026-08-03,24,3,4,P0052,L0052,STANDARD,C
641,2026-W31,2026-07-27,2026-08-03,24,3,4,P0053,L0053,STANDARD,P
644,2026-W32,2026-08-03,2026-08-10,25,4,4,P0064,L0064,H24,P
645,2026-W32,2026-08-03,2026-08-10,25,4,4,P0067,L0067,H24,P
646,2026-W32,2026-08-03,2026-08-10,25,4,4,P0070,L0070,H24,C
648,2026-W32,2026-08-03,2026-08-10,25,4,4,P0057,L0057,STANDARD,P
649,2026-W32,2026-08-03,2026-08-10,25,4,4,P0058,L0058,STANDARD,P
650,2026-W32,2026-08-03,2026-08-10,25,4,4,P0059,L0059,STANDARD,P
651,2026-W32,2026-08-03,2026-08-10,25,4,4,P0060,L0060,STANDARD,P
652,2026-W32,2026-08-03,2026-08-10,25,4,4,P0061,L0061,STANDARD,P
653,2026-W32,2026-08-03,2026-08-10,25,4,4,P0054,L0054,STANDARD,P
654,2026-W32,2026-08-03,2026-08-10,25,4,4,P0062,L0062,STANDARD,P
655,2026-W32,2026-08-03,2026-08-10,25,4,4,P0063,L0063,STANDARD,P
656,2026-W32,2026-08-03,2026-08-10,25,4,4,P0065,L0065,STANDARD,P
657,2026-W32,2026-08-03,2026-08-10,25,4,4,P0066,L0066,STANDARD,P
658,2026-W32,2026-08-03,2026-08-10,25,4,4,P0055,L0124,STANDARD,P
659,2026-W32,2026-08-03,2026-08-10,25,4,4,P0068,L0068,STANDARD,P
660,2026-W32,2026-08-03,2026-08-10,25,4,4,P0069,L0069,STANDARD,P
661,2026-W32,2026-08-03,2026-08-10,25,4,4,P0056,L0056,STANDARD,P
664,2026-W33,2026-08-10,2026-08-17,26,5,4,P0074,L0074,H24,P
665,2026-W33,2026-08-10,2026-08-17,26,5,4,P0075,L0075,H24,P
666,2026-W33,2026-08-10,2026-08-17,26,5,4,P0080,L0080,H24,P
668,2026-W33,2026-08-10,2026-08-17,26,5,4,P0076,L0076,STANDARD,P
669,2026-W33,2026-08-10,2026-08-17,26,5,4,P0071,L0071,STANDARD,P
670,2026-W33,2026-08-10,2026-08-17,26,5,4,P0072,L0072,STANDARD,P
671,2026-W33,2026-08-10,2026-08-17,26,5,4,P0077,L0077,STANDARD,P
672,2026-W33,2026-08-10,2026-08-17,26,5,4,P0078,L0078,STANDARD,P
673,2026-W33,2026-08-10,2026-08-17,26,5,4,P0073,L0073,STANDARD,P
674,2026-W33,2026-08-10,2026-08-17,26,5,4,P0079,L0079,STANDARD,P
675,2026-W33,2026-08-10,2026-08-17,26,5,4,P0081,L0081,STANDARD,P
676,2026-W33,2026-08-10,2026-08-17,26,5,4,P0082,L0082,STANDARD,P
677,2026-W33,2026-08-10,2026-08-17,26,5,4,P0083,L0083,STANDARD,P
678,2026-W33,2026-08-10,2026-08-17,26,5,4,P0084,L0084,STANDARD,P
679,2026-W33,2026-08-10,2026-08-17,26,5,4,P0085,L0085,STANDARD,P
680,2026-W33,2026-08-10,2026-08-17,26,5,4,P0086,L0086,STANDARD,P
681,2026-W33,2026-08-10,2026-08-17,26,5,4,P0087,L0087,STANDARD,P
682,2026-W33,2026-08-10,2026-08-17,26,5,4,P0088,L0088,STANDARD,P
685,2026-W34,2026-08-17,2026-08-24,27,6,4,P0092,L0092,H24,P
686,2026-W34,2026-08-17,2026-08-24,27,6,4,P0104,L0104,H24,P
687,2026-W34,2026-08-17,2026-08-24,27,6,4,P0106,L0106,H24,P
689,2026-W34,2026-08-17,2026-08-24,27,6,4,P0093,L0093,STANDARD,P
690,2026-W34,2026-08-17,2026-08-24,27,6,4,P0094,L0094,STANDARD,P
691,2026-W34,2026-08-17,2026-08-24,27,6,4,P0095,L0095,STANDARD,P
692,2026-W34,2026-08-17,2026-08-24,27,6,4,P0096,L0096,STANDARD,P
693,2026-W34,2026-08-17,2026-08-24,27,6,4,P0097,L0097,STANDARD,P
694,2026-W34,2026-08-17,2026-08-24,27,6,4,P0089,L0089,STANDARD,P
695,2026-W34,2026-08-17,2026-08-24,27,6,4,P0091,L0091,STANDARD,P
696,2026-W34,2026-08-17,2026-08-24,27,6,4,P0098,L0098,STANDARD,P
697,2026-W34,2026-08-17,2026-08-24,27,6,4,P0099,L0099,STANDARD,P
698,2026-W34,2026-08-17,2026-08-24,27,6,4,P0100,L0100,STANDARD,P
699,2026-W34,2026-08-17,2026-08-24,27,6,4,P0101,L0101,STANDARD,P
700,2026-W34,2026-08-17,2026-08-24,27,6,4,P0102,L0102,STANDARD,P
701,2026-W34,2026-08-17,2026-08-24,27,6,4,P0103,L0103,STANDARD,P
702,2026-W34,2026-08-17,2026-08-24,27,6,4,P0105,L0105,STANDARD,P
703,2026-W34,2026-08-17,2026-08-24,27,6,4,P0090,L0090,STANDARD,P
706,2026-W35,2026-08-24,2026-08-31,28,7,4,P0116,L0116,H24,P
707,2026-W35,2026-08-24,2026-08-31,28,7,4,P0119,L0119,H24,C
708,2026-W35,2026-08-24,2026-08-31,28,7,4,P0123,L0123,H24,P
710,2026-W35,2026-08-24,2026-08-31,28,7,4,P0107,L0107,STANDARD,P
711,2026-W35,2026-08-24,2026-08-31,28,7,4,P0110,L0110,STANDARD,P
712,2026-W35,2026-08-24,2026-08-31,28,7,4,P0111,L0111,STANDARD,P
713,2026-W35,2026-08-24,2026-08-31,28,7,4,P0112,L0112,STANDARD,P
714,2026-W35,2026-08-24,2026-08-31,28,7,4,P0113,L0113,STANDARD,P
715,2026-W35,2026-08-24,2026-08-31,28,7,4,P0114,L0114,STANDARD,P
716,2026-W35,2026-08-24,2026-08-31,28,7,4,P0115,L0115,STANDARD,P
717,2026-W35,2026-08-24,2026-08-31,28,7,4,P0108,L0108,STANDARD,P
718,2026-W35,2026-08-24,2026-08-31,28,7,4,P0117,L0117,STANDARD,P
719,2026-W35,2026-08-24,2026-08-31,28,7,4,P0118,L0118,STANDARD,P
720,2026-W35,2026-08-24,2026-08-31,28,7,4,P0120,L0120,STANDARD,P
721,2026-W35,2026-08-24,2026-08-31,28,7,4,P0109,L0109,STANDARD,P
722,2026-W35,2026-08-24,2026-08-31,28,7,4,P0121,L0121,STANDARD,P
723,2026-W35,2026-08-24,2026-08-31,28,7,4,P0122,L0122,STANDARD,P
726,2026-W36,2026-08-31,2026-09-07,29,1,5,P0004,L0004,H24,P
727,2026-W36,2026-08-31,2026-09-07,29,1,5,P0009,L0009,H24,P
728,2026-W36,2026-08-31,2026-09-07,29,1,5,P0014,L0014,H24,P
730,2026-W36,2026-08-31,2026-09-07,29,1,5,P0001,L0001,STANDARD,C
731,2026-W36,2026-08-31,2026-09-07,29,1,5,P0002,L0002,STANDARD,P
732,2026-W36,2026-08-31,2026-09-07,29,1,5,P0005,L0005,STANDARD,P
733,2026-W36,2026-08-31,2026-09-07,29,1,5,P0006,L0006,STANDARD,P
734,2026-W36,2026-08-31,2026-09-07,29,1,5,P0007,L0007,STANDARD,P
735,2026-W36,2026-08-31,2026-09-07,29,1,5,P0008,L0008,STANDARD,P
736,2026-W36,2026-08-31,2026-09-07,29,1,5,P0010,L0010,STANDARD,P
737,2026-W36,2026-08-31,2026-09-07,29,1,5,P0011,L0011,STANDARD,P
738,2026-W36,2026-08-31,2026-09-07,29,1,5,P0012,L0012,STANDARD,P
739,2026-W36,2026-08-31,2026-09-07,29,1,5,P0003,L0003,STANDARD,P
740,2026-W36,2026-08-31,2026-09-07,29,1,5,P0013,L0013,STANDARD,P
741,2026-W36,2026-08-31,2026-09-07,29,1,5,P0015,L0015,STANDARD,P
742,2026-W36,2026-08-31,2026-09-07,29,1,5,P0016,L0016,STANDARD,P
743,2026-W36,2026-08-31,2026-09-07,29,1,5,P0017,L0017,STANDARD,C
746,2026-W37,2026-09-07,2026-09-14,30,2,5,P0026,L0026,H24,P
747,2026-W37,2026-09-07,2026-09-14,30,2,5,P0028,L0028,H24,P
748,2026-W37,2026-09-07,2026-09-14,30,2,5,P0029,L0029,H24,P
750,2026-W37,2026-09-07,2026-09-14,30,2,5,P0018,L0018,STANDARD,P
751,2026-W37,2026-09-07,2026-09-14,30,2,5,P0021,L0021,STANDARD,P
752,2026-W37,2026-09-07,2026-09-14,30,2,5,P0022,L0022,STANDARD,P
753,2026-W37,2026-09-07,2026-09-14,30,2,5,P0023,L0023,STANDARD,P
754,2026-W37,2026-09-07,2026-09-14,30,2,5,P0024,L0024,STANDARD,P
755,2026-W37,2026-09-07,2026-09-14,30,2,5,P0025,L0025,STANDARD,P
756,2026-W37,2026-09-07,2026-09-14,30,2,5,P0019,L0019,STANDARD,P
757,2026-W37,2026-09-07,2026-09-14,30,2,5,P0027,L0027,STANDARD,P
758,2026-W37,2026-09-07,2026-09-14,30,2,5,P0030,L0030,STANDARD,P
759,2026-W37,2026-09-07,2026-09-14,30,2,5,P0031,L0031,STANDARD,P
760,2026-W37,2026-09-07,2026-09-14,30,2,5,P0020,L0020,STANDARD,P
761,2026-W37,2026-09-07,2026-09-14,30,2,5,P0032,L0032,STANDARD,P
762,2026-W37,2026-09-07,2026-09-14,30,2,5,P0033,L0033,STANDARD,P
763,2026-W37,2026-09-07,2026-09-14,30,2,5,P0034,L0034,STANDARD,P
764,2026-W37,2026-09-07,2026-09-14,30,2,5,P0035,L0035,STANDARD,P
767,2026-W38,2026-09-14,2026-09-21,31,3,5,P0039,L0039,H24,P
768,2026-W38,2026-09-14,2026-09-21,31,3,5,P0045,L0045,H24,P
769,2026-W38,2026-09-14,2026-09-21,31,3,5,P0052,L0052,H24,C
771,2026-W38,2026-09-14,2026-09-21,31,3,5,P0036,L0036,STANDARD,P
772,2026-W38,2026-09-14,2026-09-21,31,3,5,P0040,L0040,STANDARD,P
773,2026-W38,2026-09-14,2026-09-21,31,3,5,P0041,L0041,STANDARD,P
774,2026-W38,2026-09-14,2026-09-21,31,3,5,P0042,L0042,STANDARD,P
775,2026-W38,2026-09-14,2026-09-21,31,3,5,P0043,L0043,STANDARD,P
776,2026-W38,2026-09-14,2026-09-21,31,3,5,P0044,L0044,STANDARD,P
777,2026-W38,2026-09-14,2026-09-21,31,3,5,P0037,L0037,STANDARD,P
778,2026-W38,2026-09-14,2026-09-21,31,3,5,P0046,L0046,STANDARD,P
779,2026-W38,2026-09-14,2026-09-21,31,3,5,P0047,L0047,STANDARD,P
780,2026-W38,2026-09-14,2026-09-21,31,3,5,P0048,L0048,STANDARD,P
781,2026-W38,2026-09-14,2026-09-21,31,3,5,P0049,L0049,STANDARD,P
782,2026-W38,2026-09-14,2026-09-21,31,3,5,P0050,L0050,STANDARD,P
783,2026-W38,2026-09-14,2026-09-21,31,3,5,P0038,L0038,STANDARD,P
784,2026-W38,2026-09-14,2026-09-21,31,3,5,P0051,L0051,STANDARD,P
785,2026-W38,2026-09-14,2026-09-21,31,3,5,P0053,L0053,STANDARD,P
788,2026-W39,2026-09-21,2026-09-28,32,4,5,P0057,L0057,H24,P
789,2026-W39,2026-09-21,2026-09-28,32,4,5,P0060,L0060,H24,P
790,2026-W39,2026-09-21,2026-09-28,32,4,5,P0066,L0066,H24,P
792,2026-W39,2026-09-21,2026-09-28,32,4,5,P0058,L0058,STANDARD,P
793,2026-W39,2026-09-21,2026-09-28,32,4,5,P0059,L0059,STANDARD,P
794,2026-W39,2026-09-21,2026-09-28,32,4,5,P0061,L0061,STANDARD,P
795,2026-W39,2026-09-21,2026-09-28,32,4,5,P0054,L0054,STANDARD,P
796,2026-W39,2026-09-21,2026-09-28,32,4,5,P0062,L0062,STANDARD,P
797,2026-W39,2026-09-21,2026-09-28,32,4,5,P0063,L0063,STANDARD,P
798,2026-W39,2026-09-21,2026-09-28,32,4,5,P0064,L0064,STANDARD,P
799,2026-W39,2026-09-21,2026-09-28,32,4,5,P0065,L0065,STANDARD,P
800,2026-W39,2026-09-21,2026-09-28,32,4,5,P0055,L0124,STANDARD,P
801,2026-W39,2026-09-21,2026-09-28,32,4,5,P0067,L0067,STANDARD,P
802,2026-W39,2026-09-21,2026-09-28,32,4,5,P0068,L0068,STANDARD,P
803,2026-W39,2026-09-21,2026-09-28,32,4,5,P0069,L0069,STANDARD,P
804,2026-W39,2026-09-21,2026-09-28,32,4,5,P0070,L0070,STANDARD,C
805,2026-W39,2026-09-21,2026-09-28,32,4,5,P0056,L0056,STANDARD,P
808,2026-W40,2026-09-28,2026-10-05,33,5,5,P0076,L0076,H24,P
809,2026-W40,2026-09-28,2026-10-05,33,5,5,P0078,L0078,H24,P
810,2026-W40,2026-09-28,2026-10-05,33,5,5,P0086,L0086,H24,P
812,2026-W40,2026-09-28,2026-10-05,33,5,5,P0074,L0074,STANDARD,P
813,2026-W40,2026-09-28,2026-10-05,33,5,5,P0075,L0075,STANDARD,P
814,2026-W40,2026-09-28,2026-10-05,33,5,5,P0071,L0071,STANDARD,P
815,2026-W40,2026-09-28,2026-10-05,33,5,5,P0072,L0072,STANDARD,P
816,2026-W40,2026-09-28,2026-10-05,33,5,5,P0077,L0077,STANDARD,P
817,2026-W40,2026-09-28,2026-10-05,33,5,5,P0073,L0073,STANDARD,P
818,2026-W40,2026-09-28,2026-10-05,33,5,5,P0079,L0079,STANDARD,P
819,2026-W40,2026-09-28,2026-10-05,33,5,5,P0080,L0080,STANDARD,P
820,2026-W40,2026-09-28,2026-10-05,33,5,5,P0081,L0081,STANDARD,P
821,2026-W40,2026-09-28,2026-10-05,33,5,5,P0082,L0082,STANDARD,P
822,2026-W40,2026-09-28,2026-10-05,33,5,5,P0083,L0083,STANDARD,P
823,2026-W40,2026-09-28,2026-10-05,33,5,5,P0084,L0084,STANDARD,P
824,2026-W40,2026-09-28,2026-10-05,33,5,5,P0085,L0085,STANDARD,P
825,2026-W40,2026-09-28,2026-10-05,33,5,5,P0087,L0087,STANDARD,P
826,2026-W40,2026-09-28,2026-10-05,33,5,5,P0088,L0088,STANDARD,P
829,2026-W41,2026-10-05,2026-10-12,34,6,5,P0093,L0093,H24,P
830,2026-W41,2026-10-05,2026-10-12,34,6,5,P0094,L0094,H24,P
831,2026-W41,2026-10-05,2026-10-12,34,6,5,P0105,L0105,H24,P
833,2026-W41,2026-10-05,2026-10-12,34,6,5,P0092,L0092,STANDARD,P
834,2026-W41,2026-10-05,2026-10-12,34,6,5,P0095,L0095,STANDARD,P
835,2026-W41,2026-10-05,2026-10-12,34,6,5,P0096,L0096,STANDARD,P
836,2026-W41,2026-10-05,2026-10-12,34,6,5,P0097,L0097,STANDARD,P
837,2026-W41,2026-10-05,2026-10-12,34,6,5,P0089,L0089,STANDARD,P
838,2026-W41,2026-10-05,2026-10-12,34,6,5,P0090,L0090,STANDARD,P
839,2026-W41,2026-10-05,2026-10-12,34,6,5,P0091,L0091,STANDARD,P
840,2026-W41,2026-10-05,2026-10-12,34,6,5,P0098,L0098,STANDARD,P
841,2026-W41,2026-10-05,2026-10-12,34,6,5,P0099,L0099,STANDARD,P
842,2026-W41,2026-10-05,2026-10-12,34,6,5,P0100,L0100,STANDARD,P
843,2026-W41,2026-10-05,2026-10-12,34,6,5,P0101,L0101,STANDARD,P
844,2026-W41,2026-10-05,2026-10-12,34,6,5,P0102,L0102,STANDARD,P
845,2026-W41,2026-10-05,2026-10-12,34,6,5,P0103,L0103,STANDARD,P
846,2026-W41,2026-10-05,2026-10-12,34,6,5,P0104,L0104,STANDARD,P
847,2026-W41,2026-10-05,2026-10-12,34,6,5,P0106,L0106,STANDARD,P
850,2026-W42,2026-10-12,2026-10-19,35,7,5,P0113,L0113,H24,P
851,2026-W42,2026-10-12,2026-10-19,35,7,5,P0118,L0118,H24,P
852,2026-W42,2026-10-12,2026-10-19,35,7,5,P0122,L0122,H24,P
854,2026-W42,2026-10-12,2026-10-19,35,7,5,P0107,L0107,STANDARD,P
855,2026-W42,2026-10-12,2026-10-19,35,7,5,P0110,L0110,STANDARD,P
856,2026-W42,2026-10-12,2026-10-19,35,7,5,P0111,L0111,STANDARD,P
857,2026-W42,2026-10-12,2026-10-19,35,7,5,P0112,L0112,STANDARD,P
858,2026-W42,2026-10-12,2026-10-19,35,7,5,P0114,L0114,STANDARD,P
859,2026-W42,2026-10-12,2026-10-19,35,7,5,P0115,L0115,STANDARD,P
860,2026-W42,2026-10-12,2026-10-19,35,7,5,P0108,L0108,STANDARD,P
861,2026-W42,2026-10-12,2026-10-19,35,7,5,P0116,L0116,STANDARD,P
862,2026-W42,2026-10-12,2026-10-19,35,7,5,P0117,L0117,STANDARD,P
863,2026-W42,2026-10-12,2026-10-19,35,7,5,P0119,L0119,STANDARD,C
864,2026-W42,2026-10-12,2026-10-19,35,7,5,P0120,L0120,STANDARD,P
865,2026-W42,2026-10-12,2026-10-19,35,7,5,P0109,L0109,STANDARD,P
866,2026-W42,2026-10-12,2026-10-19,35,7,5,P0121,L0121,STANDARD,P
867,2026-W42,2026-10-12,2026-10-19,35,7,5,P0123,L0123,STANDARD,P
870,2026-W43,2026-10-19,2026-10-26,36,1,6,P0001,L0001,H24,C
871,2026-W43,2026-10-19,2026-10-26,36,1,6,P0002,L0002,H24,P
872,2026-W43,2026-10-19,2026-10-26,36,1,6,P0003,L0003,H24,P
874,2026-W43,2026-10-19,2026-10-26,36,1,6,P0004,L0004,STANDARD,P
875,2026-W43,2026-10-19,2026-10-26,36,1,6,P0005,L0005,STANDARD,P
876,2026-W43,2026-10-19,2026-10-26,36,1,6,P0006,L0006,STANDARD,P
877,2026-W43,2026-10-19,2026-10-26,36,1,6,P0007,L0007,STANDARD,P
878,2026-W43,2026-10-19,2026-10-26,36,1,6,P0008,L0008,STANDARD,P
879,2026-W43,2026-10-19,2026-10-26,36,1,6,P0009,L0009,STANDARD,P
880,2026-W43,2026-10-19,2026-10-26,36,1,6,P0010,L0010,STANDARD,P
881,2026-W43,2026-10-19,2026-10-26,36,1,6,P0011,L0011,STANDARD,P
882,2026-W43,2026-10-19,2026-10-26,36,1,6,P0012,L0012,STANDARD,P
883,2026-W43,2026-10-19,2026-10-26,36,1,6,P0013,L0013,STANDARD,P
884,2026-W43,2026-10-19,2026-10-26,36,1,6,P0014,L0014,STANDARD,P
885,2026-W43,2026-10-19,2026-10-26,36,1,6,P0015,L0015,STANDARD,P
886,2026-W43,2026-10-19,2026-10-26,36,1,6,P0016,L0016,STANDARD,P
887,2026-W43,2026-10-19,2026-10-26,36,1,6,P0017,L0017,STANDARD,C
890,2026-W44,2026-10-26,2026-11-02,37,2,6,P0018,L0018,H24,P
891,2026-W44,2026-10-26,2026-11-02,37,2,6,P0019,L0019,H24,P
892,2026-W44,2026-10-26,2026-11-02,37,2,6,P0020,L0020,H24,P
894,2026-W44,2026-10-26,2026-11-02,37,2,6,P0021,L0021,STANDARD,P
895,2026-W44,2026-10-26,2026-11-02,37,2,6,P0022,L0022,STANDARD,P
896,2026-W44,2026-10-26,2026-11-02,37,2,6,P0023,L0023,STANDARD,P
897,2026-W44,2026-10-26,2026-11-02,37,2,6,P0024,L0024,STANDARD,P
898,2026-W44,2026-10-26,2026-11-02,37,2,6,P0025,L0025,STANDARD,P
899,2026-W44,2026-10-26,2026-11-02,37,2,6,P0026,L0026,STANDARD,P
900,2026-W44,2026-10-26,2026-11-02,37,2,6,P0027,L0027,STANDARD,P
901,2026-W44,2026-10-26,2026-11-02,37,2,6,P0028,L0028,STANDARD,P
902,2026-W44,2026-10-26,2026-11-02,37,2,6,P0029,L0029,STANDARD,P
903,2026-W44,2026-10-26,2026-11-02,37,2,6,P0030,L0030,STANDARD,P
904,2026-W44,2026-10-26,2026-11-02,37,2,6,P0031,L0031,STANDARD,P
905,2026-W44,2026-10-26,2026-11-02,37,2,6,P0032,L0032,STANDARD,P
906,2026-W44,2026-10-26,2026-11-02,37,2,6,P0033,L0033,STANDARD,P
907,2026-W44,2026-10-26,2026-11-02,37,2,6,P0034,L0034,STANDARD,P
908,2026-W44,2026-10-26,2026-11-02,37,2,6,P0035,L0035,STANDARD,P
911,2026-W45,2026-11-02,2026-11-09,38,3,6,P0036,L0036,H24,P
912,2026-W45,2026-11-02,2026-11-09,38,3,6,P0037,L0037,H24,P
913,2026-W45,2026-11-02,2026-11-09,38,3,6,P0038,L0038,H24,P
915,2026-W45,2026-11-02,2026-11-09,38,3,6,P0039,L0039,STANDARD,P
916,2026-W45,2026-11-02,2026-11-09,38,3,6,P0040,L0040,STANDARD,P
917,2026-W45,2026-11-02,2026-11-09,38,3,6,P0041,L0041,STANDARD,P
918,2026-W45,2026-11-02,2026-11-09,38,3,6,P0042,L0042,STANDARD,P
919,2026-W45,2026-11-02,2026-11-09,38,3,6,P0043,L0043,STANDARD,P
920,2026-W45,2026-11-02,2026-11-09,38,3,6,P0044,L0044,STANDARD,P
921,2026-W45,2026-11-02,2026-11-09,38,3,6,P0045,L0045,STANDARD,P
922,2026-W45,2026-11-02,2026-11-09,38,3,6,P0046,L0046,STANDARD,P
923,2026-W45,2026-11-02,2026-11-09,38,3,6,P0047,L0047,STANDARD,P
924,2026-W45,2026-11-02,2026-11-09,38,3,6,P0048,L0048,STANDARD,P
925,2026-W45,2026-11-02,2026-11-09,38,3,6,P0049,L0049,STANDARD,P
926,2026-W45,2026-11-02,2026-11-09,38,3,6,P0050,L0050,STANDARD,P
927,2026-W45,2026-11-02,2026-11-09,38,3,6,P0051,L0051,STANDARD,P
928,2026-W45,2026-11-02,2026-11-09,38,3,6,P0052,L0052,STANDARD,C
929,2026-W45,2026-11-02,2026-11-09,38,3,6,P0053,L0053,STANDARD,P
932,2026-W46,2026-11-09,2026-11-16,39,4,6,P0054,L0054,H24,P
933,2026-W46,2026-11-09,2026-11-16,39,4,6,P0055,L0055,H24,P
934,2026-W46,2026-11-09,2026-11-16,39,4,6,P0056,L0056,H24,P
936,2026-W46,2026-11-09,2026-11-16,39,4,6,P0057,L0057,STANDARD,P
937,2026-W46,2026-11-09,2026-11-16,39,4,6,P0058,L0058,STANDARD,P
938,2026-W46,2026-11-09,2026-11-16,39,4,6,P0059,L0059,STANDARD,P
939,2026-W46,2026-11-09,2026-11-16,39,4,6,P0060,L0060,STANDARD,P
940,2026-W46,2026-11-09,2026-11-16,39,4,6,P0061,L0061,STANDARD,P
941,2026-W46,2026-11-09,2026-11-16,39,4,6,P0062,L0062,STANDARD,P
942,2026-W46,2026-11-09,2026-11-16,39,4,6,P0063,L0063,STANDARD,P
943,2026-W46,2026-11-09,2026-11-16,39,4,6,P0064,L0064,STANDARD,P
944,2026-W46,2026-11-09,2026-11-16,39,4,6,P0065,L0065,STANDARD,P
945,2026-W46,2026-11-09,2026-11-16,39,4,6,P0066,L0066,STANDARD,P
946,2026-W46,2026-11-09,2026-11-16,39,4,6,P0067,L0067,STANDARD,P
947,2026-W46,2026-11-09,2026-11-16,39,4,6,P0068,L0068,STANDARD,P
948,2026-W46,2026-11-09,2026-11-16,39,4,6,P0069,L0069,STANDARD,P
949,2026-W46,2026-11-09,2026-11-16,39,4,6,P0070,L0070,STANDARD,C
952,2026-W47,2026-11-16,2026-11-23,40,5,6,P0071,L0071,H24,P
953,2026-W47,2026-11-16,2026-11-23,40,5,6,P0072,L0072,H24,P
954,2026-W47,2026-11-16,2026-11-23,40,5,6,P0073,L0073,H24,P
956,2026-W47,2026-11-16,2026-11-23,40,5,6,P0074,L0074,STANDARD,P
957,2026-W47,2026-11-16,2026-11-23,40,5,6,P0075,L0075,STANDARD,P
958,2026-W47,2026-11-16,2026-11-23,40,5,6,P0076,L0076,STANDARD,P
959,2026-W47,2026-11-16,2026-11-23,40,5,6,P0077,L0077,STANDARD,P
960,2026-W47,2026-11-16,2026-11-23,40,5,6,P0078,L0078,STANDARD,P
961,2026-W47,2026-11-16,2026-11-23,40,5,6,P0079,L0079,STANDARD,P
962,2026-W47,2026-11-16,2026-11-23,40,5,6,P0080,L0080,STANDARD,P
963,2026-W47,2026-11-16,2026-11-23,40,5,6,P0081,L0081,STANDARD,P
964,2026-W47,2026-11-16,2026-11-23,40,5,6,P0082,L0082,STANDARD,P
965,2026-W47,2026-11-16,2026-11-23,40,5,6,P0083,L0083,STANDARD,P
966,2026-W47,2026-11-16,2026-11-23,40,5,6,P0084,L0084,STANDARD,P
967,2026-W47,2026-11-16,2026-11-23,40,5,6,P0085,L0085,STANDARD,P
968,2026-W47,2026-11-16,2026-11-23,40,5,6,P0086,L0086,STANDARD,P
969,2026-W47,2026-11-16,2026-11-23,40,5,6,P0087,L0087,STANDARD,P
970,2026-W47,2026-11-16,2026-11-23,40,5,6,P0088,L0088,STANDARD,P
973,2026-W48,2026-11-23,2026-11-30,41,6,6,P0089,L0089,H24,P
974,2026-W48,2026-11-23,2026-11-30,41,6,6,P0090,L0090,H24,P
975,2026-W48,2026-11-23,2026-11-30,41,6,6,P0091,L0091,H24,P
977,2026-W48,2026-11-23,2026-11-30,41,6,6,P0092,L0092,STANDARD,P
978,2026-W48,2026-11-23,2026-11-30,41,6,6,P0093,L0093,STANDARD,P
979,2026-W48,2026-11-23,2026-11-30,41,6,6,P0094,L0094,STANDARD,P
980,2026-W48,2026-11-23,2026-11-30,41,6,6,P0095,L0095,STANDARD,P
981,2026-W48,2026-11-23,2026-11-30,41,6,6,P0096,L0096,STANDARD,P
982,2026-W48,2026-11-23,2026-11-30,41,6,6,P0097,L0097,STANDARD,P
983,2026-W48,2026-11-23,2026-11-30,41,6,6,P0098,L0098,STANDARD,P
984,2026-W48,2026-11-23,2026-11-30,41,6,6,P0099,L0099,STANDARD,P
985,2026-W48,2026-11-23,2026-11-30,41,6,6,P0100,L0100,STANDARD,P
986,2026-W48,2026-11-23,2026-11-30,41,6,6,P0101,L0101,STANDARD,P
987,2026-W48,2026-11-23,2026-11-30,41,6,6,P0102,L0102,STANDARD,P
988,2026-W48,2026-11-23,2026-11-30,41,6,6,P0103,L0103,STANDARD,P
989,2026-W48,2026-11-23,2026-11-30,41,6,6,P0104,L0104,STANDARD,P
990,2026-W48,2026-11-23,2026-11-30,41,6,6,P0105,L0105,STANDARD,P
991,2026-W48,2026-11-23,2026-11-30,41,6,6,P0106,L0106,STANDARD,P
994,2026-W49,2026-11-30,2026-12-07,42,7,6,P0107,L0107,H24,P
995,2026-W49,2026-11-30,2026-12-07,42,7,6,P0108,L0108,H24,P
996,2026-W49,2026-11-30,2026-12-07,42,7,6,P0109,L0109,H24,P
998,2026-W49,2026-11-30,2026-12-07,42,7,6,P0110,L0110,STANDARD,P
999,2026-W49,2026-11-30,2026-12-07,42,7,6,P0111,L0111,STANDARD,P
1000,2026-W49,2026-11-30,2026-12-07,42,7,6,P0112,L0112,STANDARD,P
1001,2026-W49,2026-11-30,2026-12-07,42,7,6,P0113,L0113,STANDARD,P
1002,2026-W49,2026-11-30,2026-12-07,42,7,6,P0114,L0114,STANDARD,P
1003,2026-W49,2026-11-30,2026-12-07,42,7,6,P0115,L0115,STANDARD,P
1004,2026-W49,2026-11-30,2026-12-07,42,7,6,P0116,L0116,STANDARD,P
1005,2026-W49,2026-11-30,2026-12-07,42,7,6,P0117,L0117,STANDARD,P
1006,2026-W49,2026-11-30,2026-12-07,42,7,6,P0118,L0118,STANDARD,P
1007,2026-W49,2026-11-30,2026-12-07,42,7,6,P0119,L0119,STANDARD,C
1008,2026-W49,2026-11-30,2026-12-07,42,7,6,P0120,L0120,STANDARD,P
1009,2026-W49,2026-11-30,2026-12-07,42,7,6,P0121,L0121,STANDARD,P
1010,2026-W49,2026-11-30,2026-12-07,42,7,6,P0122,L0122,STANDARD,P
1011,2026-W49,2026-11-30,2026-12-07,42,7,6,P0123,L0123,STANDARD,P
1014,2026-W50,2026-12-07,2026-12-14,1,1,1,P0007,L0007,H24,P
1015,2026-W50,2026-12-07,2026-12-14,1,1,1,P0008,L0008,H24,P
1016,2026-W50,2026-12-07,2026-12-14,1,1,1,P0015,L0015,H24,P
1018,2026-W50,2026-12-07,2026-12-14,1,1,1,P0001,L0001,STANDARD,C
1019,2026-W50,2026-12-07,2026-12-14,1,1,1,P0004,L0004,STANDARD,P
1020,2026-W50,2026-12-07,2026-12-14,1,1,1,P0002,L0002,STANDARD,P
1021,2026-W50,2026-12-07,2026-12-14,1,1,1,P0005,L0005,STANDARD,P
1022,2026-W50,2026-12-07,2026-12-14,1,1,1,P0006,L0006,STANDARD,P
1023,2026-W50,2026-12-07,2026-12-14,1,1,1,P0009,L0009,STANDARD,P
1024,2026-W50,2026-12-07,2026-12-14,1,1,1,P0010,L0010,STANDARD,P
1025,2026-W50,2026-12-07,2026-12-14,1,1,1,P0012,L0012,STANDARD,P
1026,2026-W50,2026-12-07,2026-12-14,1,1,1,P0011,L0011,STANDARD,P
1027,2026-W50,2026-12-07,2026-12-14,1,1,1,P0003,L0003,STANDARD,P
1028,2026-W50,2026-12-07,2026-12-14,1,1,1,P0013,L0013,STANDARD,P
1029,2026-W50,2026-12-07,2026-12-14,1,1,1,P0014,L0014,STANDARD,P
1030,2026-W50,2026-12-07,2026-12-14,1,1,1,P0016,L0016,STANDARD,P
1031,2026-W50,2026-12-07,2026-12-14,1,1,1,P0017,L0017,STANDARD,C
1034,2026-W51,2026-12-14,2026-12-21,2,2,1,P0025,L0025,H24,P
1035,2026-W51,2026-12-14,2026-12-21,2,2,1,P0031,L0031,H24,P
1036,2026-W51,2026-12-14,2026-12-21,2,2,1,P0033,L0033,H24,P
1038,2026-W51,2026-12-14,2026-12-21,2,2,1,P0018,L0018,STANDARD,P
1039,2026-W51,2026-12-14,2026-12-21,2,2,1,P0021,L0021,STANDARD,P
1040,2026-W51,2026-12-14,2026-12-21,2,2,1,P0022,L0022,STANDARD,P
1041,2026-W51,2026-12-14,2026-12-21,2,2,1,P0023,L0023,STANDARD,P
1042,2026-W51,2026-12-14,2026-12-21,2,2,1,P0024,L0024,STANDARD,P
1043,2026-W51,2026-12-14,2026-12-21,2,2,1,P0019,L0019,STANDARD,P
1044,2026-W51,2026-12-14,2026-12-21,2,2,1,P0026,L0026,STANDARD,P
1045,2026-W51,2026-12-14,2026-12-21,2,2,1,P0027,L0027,STANDARD,P
1046,2026-W51,2026-12-14,2026-12-21,2,2,1,P0028,L0028,STANDARD,P
1047,2026-W51,2026-12-14,2026-12-21,2,2,1,P0029,L0029,STANDARD,P
1048,2026-W51,2026-12-14,2026-12-21,2,2,1,P0030,L0030,STANDARD,P
1049,2026-W51,2026-12-14,2026-12-21,2,2,1,P0020,L0020,STANDARD,P
1050,2026-W51,2026-12-14,2026-12-21,2,2,1,P0032,L0032,STANDARD,P
1051,2026-W51,2026-12-14,2026-12-21,2,2,1,P0034,L0034,STANDARD,P
1052,2026-W51,2026-12-14,2026-12-21,2,2,1,P0035,L0035,STANDARD,P
1055,2026-W52,2026-12-21,2026-12-28,3,3,1,P0041,L0041,H24,P
1056,2026-W52,2026-12-21,2026-12-28,3,3,1,P0047,L0047,H24,P
1057,2026-W52,2026-12-21,2026-12-28,3,3,1,P0051,L0051,H24,P
1059,2026-W52,2026-12-21,2026-12-28,3,3,1,P0039,L0039,STANDARD,P
1060,2026-W52,2026-12-21,2026-12-28,3,3,1,P0036,L0036,STANDARD,P
1061,2026-W52,2026-12-21,2026-12-28,3,3,1,P0040,L0040,STANDARD,P
1062,2026-W52,2026-12-21,2026-12-28,3,3,1,P0042,L0042,STANDARD,P
1063,2026-W52,2026-12-21,2026-12-28,3,3,1,P0043,L0043,STANDARD,P
1064,2026-W52,2026-12-21,2026-12-28,3,3,1,P0044,L0044,STANDARD,P
1065,2026-W52,2026-12-21,2026-12-28,3,3,1,P0037,L0037,STANDARD,P
1066,2026-W52,2026-12-21,2026-12-28,3,3,1,P0045,L0045,STANDARD,P
1067,2026-W52,2026-12-21,2026-12-28,3,3,1,P0046,L0046,STANDARD,P
1068,2026-W52,2026-12-21,2026-12-28,3,3,1,P0048,L0048,STANDARD,P
1069,2026-W52,2026-12-21,2026-12-28,3,3,1,P0049,L0049,STANDARD,P
1070,2026-W52,2026-12-21,2026-12-28,3,3,1,P0050,L0050,STANDARD,P
1071,2026-W52,2026-12-21,2026-12-28,3,3,1,P0038,L0038,STANDARD,P
1072,2026-W52,2026-12-21,2026-12-28,3,3,1,P0052,L0052,STANDARD,C
1073,2026-W52,2026-12-21,2026-12-28,3,3,1,P0053,L0053,STANDARD,P
1076,2026-W53,2026-12-28,2027-01-03,4,4,1,P0062,L0062,H24,P
1077,2026-W53,2026-12-28,2027-01-03,4,4,1,P0065,L0065,H24,P
1078,2026-W53,2026-12-28,2027-01-03,4,4,1,P0067,L0067,H24,P
1080,2026-W53,2026-12-28,2027-01-03,4,4,1,P0057,L0057,STANDARD,P
1081,2026-W53,2026-12-28,2027-01-03,4,4,1,P0058,L0058,STANDARD,P
1082,2026-W53,2026-12-28,2027-01-03,4,4,1,P0059,L0059,STANDARD,P
1083,2026-W53,2026-12-28,2027-01-03,4,4,1,P0060,L0060,STANDARD,P
1084,2026-W53,2026-12-28,2027-01-03,4,4,1,P0061,L0061,STANDARD,P
1085,2026-W53,2026-12-28,2027-01-03,4,4,1,P0054,L0054,STANDARD,P
1086,2026-W53,2026-12-28,2027-01-03,4,4,1,P0063,L0063,STANDARD,P
1087,2026-W53,2026-12-28,2027-01-03,4,4,1,P0064,L0064,STANDARD,P
1088,2026-W53,2026-12-28,2027-01-03,4,4,1,P0066,L0066,STANDARD,P
1089,2026-W53,2026-12-28,2027-01-03,4,4,1,P0055,L0124,STANDARD,P
1090,2026-W53,2026-12-28,2027-01-03,4,4,1,P0068,L0068,STANDARD,P
1091,2026-W53,2026-12-28,2027-01-03,4,4,1,P0069,L0069,STANDARD,P
1092,2026-W53,2026-12-28,2027-01-03,4,4,1,P0070,L0070,STANDARD,C
1093,2026-W53,2026-12-28,2027-01-03,4,4,1,P0056,L0056,STANDARD,P
